step,active,step_ns
0,10,16973
1,10,20862
2,10,9913
3,10,9828
4,10,9763
5,10,9987
6,10,10164
7,10,9846
8,10,9713
9,10,9808
10,10,9659
11,10,9821
12,10,10027
13,10,9862
14,10,10001
15,10,10042
16,10,9765
17,10,9678
18,10,9878
19,10,9716
20,10,9897
21,10,9918
22,10,9824
23,10,9820
24,10,9862
25,10,9929
26,10,9791
27,10,9713
28,10,9836
29,10,9831
30,10,9880
31,10,9816
32,10,10016
33,10,9839
34,10,9999
35,10,9866
36,10,9921
37,10,9733
38,10,9863
39,10,9789
40,10,9763
41,10,9798
42,10,9784
43,10,9746
44,10,9777
45,10,9818
46,10,9826
47,10,10088
48,10,9669
49,10,9779
50,10,9761
51,10,9880
52,10,9705
53,10,9869
54,10,9791
55,10,9686
56,10,9710
57,10,10003
58,10,9750
59,10,9808
60,10,9876
61,10,9735
62,10,9721
63,10,9839
64,10,9821
65,10,9925
66,10,10015
67,10,9866
68,10,9694
69,10,9784
70,10,9830
71,10,9794
72,10,9845
73,10,9978
74,10,10032
75,10,9905
76,10,9783
77,10,9949
78,10,9821
79,10,9893
80,10,9642
81,10,9766
82,10,9880
83,10,9649
84,10,9719
85,10,9797
86,10,9714
87,10,9873
88,10,9726
89,10,9901
90,10,9835
91,10,9834
92,10,9682
93,10,9696
94,10,9824
95,10,9832
96,10,9739
97,10,9720
98,10,9941
99,10,9767
100,10,9665
101,10,16017
102,10,9956
103,10,9845
104,10,9817
105,10,9918
106,10,10026
107,10,9934
108,10,9816
109,10,9847
110,10,9934
111,10,9970
112,10,9968
113,10,10020
114,10,9827
115,10,9862
116,10,9916
117,10,9827
118,10,9869
119,10,9885
120,10,9787
121,10,9901
122,10,9858
123,10,9934
124,10,9864
125,10,9876
126,10,9999
127,10,9987
128,10,10856
129,10,7346
130,10,7227
131,10,7231
132,10,7344
133,10,7152
134,10,7339
135,10,7215
136,10,7288
137,10,7353
138,10,7234
139,10,7381
140,10,7257
141,10,7289
142,10,7201
143,10,7400
144,10,7221
145,10,7202
146,10,7427
147,10,7271
148,10,7287
149,10,7233
150,10,7270
151,10,7177
152,10,7306
153,10,7239
154,10,7242
155,10,7258
156,10,7330
157,10,7292
158,10,7295
159,10,7263
160,10,7211
161,10,7203
162,10,7360
163,10,7330
164,10,7313
165,10,7418
166,10,7277
167,10,7269
168,10,7236
169,10,7332
170,10,7246
171,10,7377
172,10,7203
173,10,7162
174,10,7270
175,10,7275
176,10,7211
177,10,7206
178,10,7532
179,10,7264
180,10,7210
181,10,7189
182,10,7147
183,10,7195
184,10,7238
185,10,7221
186,10,7226
187,10,7194
188,10,7311
189,10,7212
190,10,7229
191,10,7229
192,10,7276
193,10,7306
194,10,7225
195,10,7358
196,10,7413
197,10,7307
198,10,7298
199,10,7288
200,10,7328
201,10,7183
202,10,7199
203,10,7236
204,10,7282
205,10,7438
206,10,7300
207,10,7202
208,10,7246
209,10,7280
210,10,7251
211,10,7127
212,10,7242
213,10,7260
214,10,7171
215,10,7164
216,10,7120
217,10,7248
218,10,7207
219,10,7258
220,10,7223
221,10,7218
222,10,7242
223,10,7145
224,10,7139
225,10,7268
226,10,7377
227,10,11089
228,10,7437
229,10,7146
230,10,7124
231,10,7126
232,10,7113
233,10,7077
234,10,7231
235,10,7242
236,10,7116
237,10,7120
238,10,7053
239,10,7169
240,10,7096
241,10,7103
242,10,7143
243,10,7164
244,10,7287
245,10,7293
246,10,7205
247,10,7145
248,10,7147
249,10,7191
250,10,7115
251,10,7086
252,10,7322
253,10,7164
254,10,7265
255,10,7107
256,10,7231
257,10,7144
258,10,7164
259,10,7144
260,10,7115
261,10,7187
262,10,7158
263,10,7182
264,10,7059
265,10,7118
266,10,7059
267,10,7131
268,10,7090
269,10,7117
270,10,7049
271,10,7087
272,10,7145
273,10,7250
274,10,7119
275,10,7117
276,10,7065
277,10,7089
278,10,7054
279,10,7134
280,10,7092
281,10,7176
282,10,7163
283,10,7189
284,10,7044
285,10,7114
286,10,7074
287,10,7121
288,10,7219
289,10,7132
290,10,7207
291,10,7071
292,10,7125
293,10,7071
294,10,7211
295,10,7171
296,10,7217
297,10,7019
298,10,7102
299,10,7042
300,10,7116
301,10,7224
302,10,7115
303,10,7114
304,10,7033
305,10,7097
306,10,7181
307,10,7138
308,10,7228
309,10,7146
310,10,7083
311,10,7236
312,10,7131
313,10,7091
314,10,7131
315,10,7134
316,10,7126
317,10,7143
318,10,7197
319,10,7075
320,10,7137
321,10,7206
322,10,7141
323,10,7109
324,10,7076
325,10,7159
326,10,7133
327,10,7198
328,10,7113
329,10,7049
330,10,7131
331,10,7113
332,10,7106
333,10,7139
334,10,7035
335,10,7198
336,10,7098
337,10,7019
338,10,7069
339,10,7197
340,10,7099
341,10,7094
342,10,7158
343,10,7160
344,10,7091
345,10,7168
346,10,7127
347,10,7092
348,10,7177
349,10,7106
350,10,7074
351,10,7096
352,10,7094
353,10,7203
354,10,7006
355,10,7040
356,10,6990
357,10,7097
358,10,7036
359,10,6992
360,10,7192
361,10,7154
362,10,7140
363,10,7089
364,10,7066
365,10,7113
366,10,12836
367,10,7301
368,10,7029
369,10,7016
370,10,7170
371,10,7018
372,10,7170
373,10,7149
374,10,7225
375,10,6987
376,10,7086
377,10,6980
378,10,7105
379,10,7125
380,10,7114
381,10,7085
382,10,7195
383,10,7218
384,10,7017
385,10,7151
386,10,7186
387,10,7110
388,10,7190
389,10,7130
390,10,7068
391,10,7004
392,10,7195
393,10,7008
394,10,7138
395,10,7126
396,10,7085
397,10,7001
398,10,7032
399,10,7128
400,10,7131
401,10,7195
402,10,7046
403,10,7074
404,10,6996
405,10,7086
406,10,7066
407,10,7273
408,10,7053
409,10,7138
410,10,7132
411,10,7068
412,10,7068
413,10,7069
414,10,7005
415,10,7030
416,10,7160
417,10,7088
418,10,7151
419,10,7051
420,10,6965
421,10,7084
422,10,7041
423,10,6984
424,10,7210
425,10,7038
426,10,6963
427,10,7117
428,10,7100
429,10,7005
430,10,7005
431,10,7019
432,10,7064
433,10,7092
434,10,7133
435,10,7177
436,10,7033
437,10,7007
438,10,6958
439,10,7048
440,10,7032
441,10,7058
442,10,7153
443,10,7021
444,10,6991
445,10,7001
446,10,7131
447,10,7003
448,10,8546
449,10,11116
450,10,9966
451,10,11979
452,10,11759
453,10,12291
454,10,12229
455,10,6898
456,10,6907
457,10,7154
458,10,6780
459,10,6972
460,10,7005
461,10,6979
462,10,7075
463,10,6962
464,10,7027
465,10,7029
466,10,6976
467,10,6951
468,10,7078
469,10,6547
470,10,7034
471,10,6790
472,10,6894
473,10,7094
474,10,6678
475,10,7016
476,10,6868
477,10,7052
478,10,7090
479,10,7070
480,10,7040
481,10,6866
482,10,6982
483,10,6924
484,10,6767
485,10,6946
486,10,6737
487,10,7039
488,10,6841
489,10,7010
490,10,6938
491,10,6998
492,10,7097
493,10,7017
494,10,6900
495,10,6827
496,10,7083
497,10,7013
498,10,6893
499,10,6945
500,10,7018
501,10,7009
502,10,13253
503,10,7157
504,10,7065
505,10,6919
506,10,7024
507,10,7048
508,10,6996
509,10,7217
510,10,6899
511,10,7064
512,10,6893
513,10,6709
514,10,6797
515,10,6970
516,10,6992
517,10,6979
518,10,6985
519,10,7022
520,10,6929
521,10,6894
522,10,6817
523,10,6828
524,10,6783
525,10,6794
526,10,6768
527,10,6925
528,10,6901
529,10,7114
530,10,6763
531,10,7025
532,10,6914
533,10,6957
534,10,7014
535,10,7009
536,10,6812
537,10,6798
538,10,6696
539,10,6965
540,10,6943
541,10,6972
542,10,7001
543,10,6689
544,10,6956
545,10,6968
546,10,6957
547,10,6833
548,10,6996
549,10,6961
550,10,6961
551,10,6941
552,10,6897
553,10,6777
554,10,6969
555,10,6810
556,10,6726
557,10,7004
558,10,6814
559,10,7022
560,10,6845
561,10,6745
562,10,6627
563,10,7033
564,10,6982
565,10,6886
566,10,6975
567,10,6994
568,10,7047
569,10,6880
570,10,6926
571,10,6994
572,10,6831
573,10,6995
574,10,6746
575,10,7055
576,10,7051
577,10,6971
578,10,7008
579,10,6935
580,10,7003
581,10,6808
582,10,6980
583,10,6817
584,10,6959
585,10,6909
586,10,7098
587,10,6921
588,10,7027
589,10,6961
590,10,6924
591,10,6969
592,10,6852
593,10,8550
594,10,9358
595,10,9477
596,10,9456
597,10,9462
598,10,9453
599,10,9456
600,10,9425
601,10,9364
602,10,9481
603,10,9377
604,10,9495
605,10,8964
606,10,9397
607,10,9401
608,10,9285
609,10,9387
610,10,9239
611,10,9444
612,10,9394
613,10,9107
614,10,9073
615,10,9138
616,10,8933
617,10,9428
618,10,9316
619,10,8900
620,10,9137
621,10,9328
622,10,9353
623,10,9467
624,10,9345
625,10,9478
626,10,8996
627,10,9573
628,10,9401
629,10,9453
630,10,9400
631,10,14513
632,10,9855
633,10,9235
634,10,9538
635,10,9478
636,10,9596
637,10,9477
638,10,9534
639,10,9199
640,10,9657
641,10,9181
642,10,9586
643,10,9658
644,10,9471
645,10,9467
646,10,9734
647,10,9381
648,10,9705
649,10,9356
650,10,9316
651,10,9221
652,10,9175
653,10,9302
654,10,8908
655,10,9344
656,10,9420
657,10,9570
658,10,9694
659,10,9409
660,10,9489
661,10,9359
662,10,9486
663,10,9522
664,10,9706
665,10,9480
666,10,9458
667,10,9389
668,10,9507
669,10,9432
670,10,9607
671,10,9736
672,10,9371
673,10,9598
674,10,8858
675,10,9338
676,10,9518
677,10,9560
678,10,9207
679,10,9597
680,10,9091
681,10,9427
682,10,9589
683,10,9427
684,10,9346
685,10,9448
686,10,9660
687,10,9632
688,10,9215
689,10,9242
690,10,9337
691,10,9271
692,10,9497
693,10,9473
694,10,9148
695,10,9385
696,10,9432
697,10,9416
698,10,9442
699,10,9370
700,10,9247
701,10,9398
702,10,9284
703,10,9085
704,10,9516
705,10,9662
706,10,9168
707,10,9293
708,10,9129
709,10,9342
710,10,9394
711,10,9396
712,10,9504
713,10,9196
714,10,9503
715,10,8908
716,10,9422
717,10,9446
718,10,9595
719,10,9439
720,10,9352
721,10,9707
722,10,9398
723,10,9312
724,10,9065
725,10,9394
726,10,9670
727,10,9620
728,10,9130
729,10,9420
730,10,8909
731,10,9044
732,10,9397
733,10,9217
734,10,9404
735,10,9033
736,10,8958
737,10,58990
738,10,9527
739,10,9484
740,10,9343
741,10,9444
742,10,9559
743,10,9302
744,10,9364
745,10,9467
746,10,9221
747,10,9526
748,10,9367
749,10,9382
750,10,9594
751,10,9167
752,10,9539
753,10,9468
754,10,8958
755,10,9328
756,10,9399
757,10,9487
758,10,9211
759,10,9492
760,10,9442
761,10,9399
762,10,9604
763,10,9347
764,10,9529
765,10,9379
766,10,9284
767,10,9496
768,10,9232
769,10,8830
770,10,9136
771,10,9479
772,10,9472
773,10,9551
774,10,9095
775,10,9447
776,10,9449
777,10,9217
778,10,9616
779,10,9660
780,10,9449
781,10,9354
782,10,9450
783,10,9438
784,10,9542
785,10,9369
786,10,9244
787,10,9301
788,10,9588
789,10,9596
790,10,9378
791,10,9570
792,10,9594
793,10,9489
794,10,9561
795,10,9359
796,10,9484
797,10,9493
798,10,9454
799,10,9357
800,10,9430
801,10,9489
802,10,9472
803,10,9131
804,10,9408
805,10,9091
806,10,9262
807,10,9251
808,10,9450
809,10,9379
810,10,9288
811,10,8988
812,10,9450
813,10,9407
814,10,9223
815,10,9485
816,10,9626
817,10,9377
818,10,9420
819,10,9363
820,10,9550
821,10,9349
822,10,9423
823,10,9554
824,10,9547
825,10,9395
826,10,9492
827,10,9515
828,10,9409
829,10,9398
830,10,9222
831,10,9432
832,10,9300
833,10,9483
834,10,9365
835,10,9397
836,10,9623
837,10,32487
838,10,9398
839,10,9307
840,10,9311
841,10,9369
842,10,9456
843,10,9393
844,10,8924
845,10,9439
846,10,9053
847,10,9269
848,10,9273
849,10,9273
850,10,9283
851,10,9158
852,10,9289
853,10,9104
854,10,9316
855,10,9382
856,10,9247
857,10,9309
858,10,9132
859,10,9253
860,10,9145
861,10,9309
862,10,9232
863,10,9231
864,10,9192
865,10,8930
866,10,9483
867,10,8980
868,10,9087
869,10,9022
870,10,9246
871,10,9221
872,10,8964
873,10,9024
874,10,9325
875,10,9286
876,10,9166
877,10,9283
878,10,9154
879,10,9334
880,10,9142
881,10,8983
882,10,9183
883,10,9273
884,10,9104
885,10,8888
886,10,10307
887,10,7239
888,10,7258
889,10,7186
890,10,7118
891,10,7108
892,10,6925
893,10,7110
894,10,7259
895,10,7275
896,10,7216
897,10,7103
898,10,7159
899,10,7221
900,10,6937
901,10,7103
902,10,6968
903,10,7026
904,10,7193
905,10,7240
906,10,7241
907,10,7220
908,10,7172
909,10,7240
910,10,7211
911,10,7236
912,10,7316
913,10,7063
914,10,7157
915,10,7235
916,10,7138
917,10,7283
918,10,7264
919,10,7336
920,10,7191
921,10,7202
922,10,7471
923,10,7185
924,10,7034
925,10,7179
926,10,7120
927,10,7071
928,10,6964
929,10,7005
930,10,6943
931,10,6923
932,10,6897
933,10,7208
934,10,7221
935,10,6882
936,10,7158
937,10,7171
938,10,7137
939,10,7134
940,10,7127
941,10,6820
942,10,6821
943,10,7119
944,10,6964
945,10,7232
946,10,6995
947,10,7248
948,10,7184
949,10,7310
950,10,6889
951,10,7119
952,10,7286
953,10,7232
954,10,6938
955,10,7153
956,10,7177
957,10,7282
958,10,6914
959,10,15947
960,10,7214
961,10,7357
962,10,7233
963,10,7111
964,10,7065
965,10,7054
966,10,7255
967,10,7186
968,10,7159
969,10,7162
970,10,7033
971,10,7099
972,10,6932
973,10,6957
974,10,7156
975,10,7153
976,10,6948
977,10,6874
978,10,7043
979,10,7237
980,10,7058
981,10,7240
982,10,7215
983,10,7199
984,10,7185
985,10,7199
986,10,7201
987,10,7220
988,10,7037
989,10,6966
990,10,7144
991,10,7252
992,10,7060
993,10,7106
994,10,7149
995,10,7006
996,10,6956
997,10,6805
998,10,7173
999,10,7108
1000,10,7163
1001,10,7177
1002,10,7174
1003,10,7129
1004,10,7062
1005,10,7046
1006,10,6935
1007,10,7075
1008,10,7143
1009,10,7146
1010,10,7232
1011,10,7162
1012,10,7165
1013,10,7159
1014,10,7095
1015,10,7144
1016,10,7125
1017,10,8728
1018,10,7185
1019,10,7130
1020,10,7184
1021,10,7194
1022,10,7224
1023,10,7228
1024,10,7390
1025,10,7237
1026,10,7054
1027,10,6994
1028,10,7168
1029,10,7235
1030,10,7276
1031,10,7095
1032,10,7018
1033,10,7196
1034,10,7306
1035,10,7267
1036,10,7244
1037,10,7183
1038,10,7118
1039,10,7342
1040,10,7236
1041,10,7241
1042,10,7175
1043,10,7170
1044,10,7230
1045,10,7134
1046,10,7060
1047,10,7274
1048,10,7227
1049,10,7294
1050,10,6934
1051,10,7237
1052,10,7189
1053,10,7104
1054,10,7153
1055,10,7294
1056,10,7452
1057,10,7211
1058,10,7252
1059,10,6921
1060,10,7224
1061,10,7194
1062,10,7138
1063,10,6998
1064,10,6924
1065,10,7045
1066,10,7012
1067,10,7093
1068,10,6905
1069,10,7204
1070,10,7110
1071,10,7170
1072,10,6985
1073,10,7005
1074,10,7263
1075,10,7262
1076,10,7219
1077,10,7117
1078,10,7382
1079,10,6973
1080,10,7030
1081,10,7513
1082,10,7292
1083,10,7270
1084,10,7277
1085,10,7240
1086,10,7300
1087,10,7307
1088,10,7169
1089,10,7262
1090,10,7163
1091,10,7070
1092,10,7137
1093,10,7019
1094,10,7113
1095,10,6955
1096,10,11550
1097,10,6997
1098,10,7207
1099,10,7124
1100,10,7386
1101,10,7135
1102,10,7074
1103,10,7044
1104,10,7043
1105,10,6989
1106,10,7121
1107,10,7070
1108,10,6978
1109,10,6969
1110,10,7085
1111,10,7255
1112,10,7252
1113,10,6879
1114,10,7170
1115,10,7112
1116,10,6960
1117,10,7146
1118,10,7067
1119,10,7193
1120,10,7219
1121,10,6801
1122,10,7103
1123,10,7090
1124,10,6958
1125,10,7167
1126,10,7131
1127,10,7172
1128,10,7189
1129,10,7211
1130,10,7192
1131,10,7261
1132,10,7241
1133,10,7192
1134,10,7257
1135,10,7254
1136,10,6983
1137,10,7135
1138,10,7190
1139,10,7137
1140,10,7100
1141,10,6824
1142,10,7125
1143,10,7141
1144,10,7127
1145,10,6890
1146,10,7122
1147,10,7133
1148,10,7111
1149,10,7158
1150,10,7133
1151,10,7073
1152,10,7073
1153,10,7117
1154,10,7280
1155,10,7068
1156,10,7076
1157,10,7206
1158,10,7034
1159,10,7089
1160,10,7460
1161,10,7149
1162,10,7233
1163,10,7093
1164,10,7274
1165,10,7262
1166,10,6979
1167,10,7121
1168,10,7176
1169,10,7261
1170,10,7109
1171,10,7171
1172,10,6907
1173,10,7190
1174,10,7192
1175,10,7182
1176,10,7401
1177,10,7125
1178,10,7182
1179,10,7162
1180,10,7118
1181,10,7146
1182,10,7184
1183,10,7223
1184,10,7062
1185,10,7131
1186,10,7236
1187,10,7126
1188,10,7082
1189,10,7180
1190,10,7010
1191,10,6840
1192,10,6964
1193,10,7173
1194,10,7151
1195,10,7204
1196,10,7124
1197,10,6981
1198,10,6946
1199,10,7231
1200,10,6866
1201,10,6882
1202,10,7033
1203,10,6995
1204,10,7300
1205,10,7219
1206,10,7133
1207,10,7271
1208,10,7095
1209,10,7140
1210,10,7058
1211,10,7248
1212,10,7079
1213,10,6963
1214,10,6882
1215,10,6984
1216,10,7249
1217,10,7131
1218,10,7020
1219,10,7055
1220,10,7161
1221,10,7047
1222,10,7003
1223,10,7221
1224,10,7143
1225,10,7146
1226,10,7050
1227,10,7144
1228,10,7100
1229,10,7004
1230,10,7133
1231,10,7171
1232,10,6959
1233,10,7155
1234,10,7086
1235,10,11709
1236,10,7160
1237,10,7150
1238,10,7220
1239,10,7112
1240,10,7175
1241,10,7333
1242,10,7113
1243,10,7269
1244,10,7124
1245,10,7089
1246,10,7208
1247,10,7116
1248,10,7045
1249,10,7097
1250,10,6975
1251,10,7221
1252,10,7169
1253,10,7132
1254,10,6782
1255,10,7007
1256,10,7182
1257,10,6953
1258,10,6815
1259,10,7071
1260,10,6981
1261,10,7151
1262,10,7096
1263,10,7040
1264,10,7159
1265,10,7175
1266,10,7257
1267,10,7146
1268,10,7264
1269,10,7236
1270,10,7253
1271,10,7137
1272,10,7166
1273,10,7148
1274,10,7168
1275,10,7092
1276,10,7096
1277,10,6974
1278,10,7272
1279,10,7012
1280,10,7175
1281,10,7080
1282,10,7081
1283,10,7174
1284,10,6878
1285,10,7144
1286,10,6836
1287,10,7288
1288,10,7310
1289,10,7082
1290,10,6828
1291,10,7106
1292,10,7011
1293,10,7229
1294,10,7131
1295,10,7055
1296,10,6985
1297,10,7066
1298,10,7269
1299,10,7073
1300,10,7162
1301,10,7141
1302,10,6914
1303,10,7112
1304,10,7131
1305,10,7125
1306,10,7336
1307,10,7137
1308,10,7129
1309,10,7310
1310,10,5078
1311,10,5081
1312,10,5104
1313,10,5040
1314,10,5136
1315,10,5045
1316,10,5103
1317,10,5053
1318,10,5097
1319,10,5185
1320,10,5082
1321,10,5122
1322,10,5063
1323,10,5027
1324,10,4928
1325,10,5170
1326,10,5090
1327,10,5058
1328,10,5071
1329,10,5066
1330,10,5046
1331,10,4749
1332,10,5120
1333,10,5102
1334,10,4809
1335,10,5049
1336,10,5020
1337,10,4892
1338,10,5104
1339,10,5145
1340,10,5051
1341,10,4981
1342,10,5028
1343,10,5108
1344,10,5335
1345,10,5051
1346,10,4955
1347,10,4957
1348,10,5055
1349,10,4936
1350,10,5073
1351,10,5119
1352,10,5094
1353,10,5034
1354,10,4945
1355,10,4958
1356,10,5010
1357,10,5071
1358,10,4932
1359,10,5117
1360,10,4881
1361,10,5022
1362,10,5076
1363,10,4987
1364,10,5034
1365,10,5017
1366,10,5028
1367,10,5074
1368,10,5041
1369,10,4970
1370,10,5079
1371,10,5094
1372,10,4971
1373,10,5049
1374,10,5070
1375,10,5175
1376,10,4984
1377,10,4892
1378,10,4860
1379,10,4848
1380,10,4828
1381,10,4773
1382,10,4758
1383,10,4832
1384,10,4934
1385,10,4815
1386,10,4918
1387,10,4817
1388,10,4919
1389,10,4868
1390,10,4944
1391,10,4811
1392,10,4906
1393,10,4875
1394,10,4979
1395,10,4854
1396,10,4702
1397,10,4832
1398,10,4695
1399,10,4830
1400,10,4969
1401,10,4927
1402,10,8898
1403,10,4935
1404,10,4873
1405,10,5085
1406,10,4709
1407,10,5016
1408,10,4984
1409,10,4826
1410,10,4738
1411,10,4813
1412,10,4725
1413,10,4817
1414,10,4722
1415,10,4813
1416,10,4782
1417,10,4837
1418,10,4757
1419,10,4948
1420,10,4713
1421,10,4916
1422,10,4973
1423,10,4920
1424,10,4793
1425,10,4724
1426,10,4920
1427,10,4806
1428,10,4995
1429,10,4960
1430,10,4977
1431,10,4783
1432,10,4784
1433,10,4704
1434,10,4756
1435,10,4887
1436,10,4995
1437,10,4853
1438,10,4803
1439,10,4841
1440,10,4939
1441,10,4751
1442,10,4835
1443,10,4993
1444,10,4894
1445,10,4690
1446,10,4945
1447,10,4842
1448,10,4759
1449,10,4876
1450,10,4802
1451,10,4806
1452,10,4710
1453,10,4794
1454,10,4778
1455,10,4875
1456,10,4744
1457,10,4862
1458,10,4690
1459,10,4880
1460,10,4734
1461,10,4920
1462,10,4733
1463,10,5041
1464,10,4824
1465,10,4903
1466,10,4770
1467,10,4782
1468,10,4672
1469,10,4822
1470,10,4784
1471,10,4749
1472,10,4798
1473,10,4673
1474,10,4865
1475,10,4725
1476,10,4951
1477,10,4828
1478,10,4833
1479,10,5031
1480,10,4996
1481,10,4888
1482,10,4755
1483,10,4800
1484,10,4817
1485,10,4881
1486,10,5003
1487,10,4786
1488,10,4913
1489,10,5150
1490,10,4782
1491,10,4873
1492,10,4753
1493,10,4904
1494,10,4819
1495,10,4862
1496,10,4976
1497,10,4997
1498,10,4745
1499,10,4955
1500,10,4686
1501,10,4846
1502,10,4835
1503,10,4834
1504,10,4814
1505,10,4862
1506,10,4827
1507,10,5002
1508,10,4709
1509,10,4973
1510,10,5053
1511,10,4793
1512,10,4995
1513,10,4681
1514,10,4849
1515,10,4753
1516,10,4776
1517,10,4754
1518,10,4768
1519,10,4676
1520,10,4692
1521,10,4971
1522,10,4842
1523,10,4812
1524,10,4715
1525,10,4862
1526,10,4805
1527,10,4806
1528,10,4925
1529,10,4730
1530,10,4731
1531,10,4681
1532,10,4821
1533,10,4761
1534,10,4774
1535,10,4715
1536,10,5129
1537,10,4865
1538,10,4756
1539,10,4732
1540,10,4741
1541,10,4834
1542,10,4717
1543,10,4797
1544,10,4924
1545,10,4984
1546,10,4988
1547,10,4749
1548,10,4701
1549,10,4841
1550,10,4684
1551,10,4711
1552,10,4707
1553,10,4935
1554,10,4914
1555,10,4701
1556,10,4687
1557,10,4704
1558,10,4672
1559,10,4763
1560,10,4818
1561,10,4769
1562,10,4984
1563,10,4715
1564,10,5056
1565,10,4806
1566,10,4700
1567,10,4736
1568,10,4747
1569,10,4788
1570,10,4929
1571,10,4727
1572,10,4713
1573,10,4784
1574,10,4707
1575,10,4816
1576,10,4812
1577,10,4687
1578,10,4763
1579,10,4754
1580,10,4785
1581,10,4779
1582,10,4910
1583,10,4836
1584,10,4773
1585,10,4754
1586,10,4869
1587,10,4705
1588,10,4692
1589,10,4801
1590,10,4743
1591,10,4857
1592,10,4748
1593,10,4741
1594,10,4768
1595,10,4728
1596,10,4757
1597,10,4941
1598,10,4857
1599,10,4759
1600,10,4778
1601,10,4803
1602,10,4829
1603,10,4896
1604,10,4894
1605,10,4852
1606,10,4811
1607,10,7882
1608,10,4824
1609,10,4968
1610,10,5186
1611,10,4937
1612,10,4930
1613,10,5024
1614,10,4694
1615,10,4704
1616,10,4829
1617,10,4739
1618,10,4880
1619,10,4700
1620,10,4697
1621,10,4710
1622,10,4750
1623,10,4739
1624,10,4734
1625,10,4733
1626,10,4679
1627,10,4698
1628,10,4799
1629,10,4647
1630,10,4882
1631,10,4747
1632,10,4727
1633,10,4831
1634,10,4636
1635,10,4681
1636,10,4791
1637,10,4747
1638,10,4854
1639,10,4732
1640,10,4702
1641,10,4728
1642,10,4694
1643,10,4879
1644,10,4812
1645,10,4810
1646,10,4779
1647,10,4701
1648,10,4665
1649,10,4820
1650,10,4791
1651,10,4716
1652,10,4823
1653,10,4838
1654,10,4846
1655,10,4734
1656,10,4770
1657,10,4727
1658,10,4947
1659,10,4725
1660,10,4661
1661,10,4783
1662,10,4724
1663,10,4680
1664,10,4699
1665,10,4802
1666,10,4998
1667,10,4686
1668,10,4758
1669,10,4684
1670,10,4819
1671,10,4651
1672,10,4830
1673,10,4697
1674,10,4669
1675,10,4678
1676,10,4791
1677,10,4871
1678,10,4677
1679,10,4675
1680,10,4695
1681,10,4918
1682,10,4735
1683,10,4781
1684,10,4786
1685,10,4682
1686,10,4794
1687,10,4718
1688,10,4661
1689,10,4690
1690,10,4666
1691,10,4677
1692,10,4627
1693,10,4653
1694,10,4686
1695,10,4697
1696,10,4746
1697,10,4728
1698,10,4745
1699,10,4754
1700,10,4768
1701,10,4707
1702,10,4703
1703,10,4779
1704,10,4690
1705,10,4729
1706,10,4730
1707,10,4655
1708,10,4693
1709,10,4755
1710,10,4767
1711,10,4767
1712,10,4882
1713,10,4639
1714,10,4690
1715,10,4753
1716,10,4765
1717,10,4672
1718,10,4719
1719,10,4724
1720,10,4700
1721,10,4684
1722,10,4737
1723,10,4777
1724,10,4800
1725,10,4721
1726,10,4704
1727,10,4718
1728,10,4728
1729,10,4833
1730,10,4769
1731,10,4677
1732,10,4784
1733,10,4658
1734,10,4699
1735,10,4775
1736,10,4770
1737,10,4675
1738,10,4730
1739,10,4679
1740,10,4678
1741,10,4677
1742,10,4734
1743,10,4717
1744,10,4713
1745,10,4675
1746,10,4636
1747,10,4707
1748,10,4695
1749,10,4645
1750,10,4673
1751,10,4700
1752,10,4723
1753,10,4707
1754,10,4706
1755,10,4654
1756,10,4709
1757,10,4698
1758,10,4662
1759,10,4650
1760,10,4672
1761,10,4737
1762,10,4709
1763,10,4635
1764,10,4789
1765,10,4659
1766,10,4709
1767,10,4656
1768,10,4688
1769,10,4648
1770,10,4660
1771,10,4777
1772,10,4776
1773,10,4748
1774,10,4749
1775,10,4661
1776,10,4730
1777,10,4834
1778,10,4748
1779,10,4620
1780,10,4665
1781,10,4628
1782,10,4719
1783,10,4802
1784,10,4763
1785,10,4813
1786,10,4779
1787,10,4854
1788,10,4790
1789,10,4769
1790,10,4795
1791,10,4808
1792,10,4819
1793,10,4696
1794,10,4707
1795,10,4650
1796,10,4720
1797,10,4699
1798,10,4654
1799,10,4734
1800,10,4700
1801,10,4655
1802,10,4708
1803,10,4734
1804,10,4710
1805,10,4704
1806,10,4683
1807,10,4669
1808,10,4630
1809,10,4661
1810,10,4615
1811,10,4637
1812,10,4637
1813,10,4631
1814,10,4682
1815,10,15136
1816,10,4745
1817,10,4845
1818,10,4624
1819,10,4746
1820,10,4654
1821,10,4676
1822,10,4665
1823,10,4710
1824,10,4721
1825,10,4632
1826,10,4660
1827,10,4680
1828,10,4622
1829,10,4704
1830,10,4609
1831,10,4667
1832,10,4674
1833,10,4628
1834,10,4704
1835,10,4775
1836,10,4722
1837,10,4866
1838,10,4802
1839,10,4734
1840,10,4849
1841,10,4758
1842,10,4771
1843,10,4806
1844,10,4853
1845,10,4702
1846,10,4768
1847,10,4808
1848,10,4727
1849,10,4739
1850,10,4647
1851,10,4775
1852,10,4723
1853,10,4658
1854,10,4688
1855,10,4672
1856,10,4871
1857,10,4695
1858,10,4681
1859,10,4716
1860,10,4693
1861,10,4827
1862,10,4683
1863,10,4685
1864,10,4715
1865,10,4690
1866,10,4701
1867,10,4647
1868,10,4760
1869,10,4690
1870,10,4691
1871,10,4723
1872,10,4740
1873,10,4814
1874,10,4828
1875,10,4734
1876,10,4739
1877,10,4736
1878,10,4899
1879,10,4747
1880,10,4813
1881,10,4767
1882,10,4804
1883,10,4784
1884,10,4678
1885,10,4753
1886,10,4756
1887,10,4770
1888,10,4738
1889,10,4753
1890,10,4769
1891,10,4664
1892,10,4767
1893,10,4735
1894,10,4711
1895,10,4727
1896,10,4726
1897,10,4814
1898,10,4734
1899,10,4755
1900,10,4682
1901,10,4750
1902,10,4744
1903,10,4821
1904,10,4657
1905,10,4722
1906,10,4720
1907,10,4795
1908,10,4698
1909,10,4835
1910,10,4806
1911,10,4671
1912,10,4876
1913,10,4702
1914,10,4748
1915,10,4727
1916,10,4754
1917,10,4706
1918,10,4680
1919,10,4765
1920,10,4785
1921,10,4683
1922,10,4681
1923,10,4681
1924,10,4717
1925,10,4722
1926,10,4715
1927,10,4684
1928,10,4715
1929,10,4764
1930,10,4789
1931,10,4731
1932,10,4799
1933,10,5356
1934,10,3552
1935,10,3553
1936,10,3528
1937,10,3539
1938,10,3648
1939,10,3584
1940,10,3553
1941,10,3560
1942,10,3564
1943,10,3546
1944,10,3536
1945,10,3520
1946,10,3597
1947,10,3568
1948,10,3551
1949,10,3606
1950,10,3563
1951,10,3558
1952,10,3549
1953,10,3595
1954,10,3571
1955,10,3592
1956,10,3543
1957,10,3534
1958,10,3583
1959,10,3554
1960,10,3648
1961,10,3626
1962,10,3563
1963,10,3562
1964,10,3542
1965,10,3563
1966,10,3509
1967,10,3529
1968,10,3538
1969,10,3559
1970,10,3582
1971,10,3548
1972,10,3566
1973,10,3592
1974,10,3557
1975,10,3560
1976,10,3622
1977,10,3557
1978,10,3590
1979,10,3577
1980,10,3583
1981,10,3551
1982,10,3567
1983,10,3536
1984,10,3543
1985,10,3589
1986,10,3534
1987,10,3528
1988,10,3554
1989,10,3638
1990,10,3559
1991,10,3572
1992,10,3641
1993,10,3533
1994,10,3663
1995,10,3622
1996,10,3777
1997,10,3504
1998,10,3608
1999,10,3567
2000,10,3738
2001,10,3514
2002,10,3533
2003,10,3557
2004,10,4965
2005,10,5470
2006,10,5053
2007,10,5512
2008,10,6617
2009,10,6462
2010,10,6123
2011,10,4187
2012,10,3609
2013,10,3499
2014,10,3507
2015,10,3485
2016,10,3578
2017,10,3510
2018,10,3518
2019,10,3537
2020,10,3515
2021,10,3594
2022,10,3564
2023,10,3570
2024,10,3474
2025,10,3560
2026,10,3510
2027,10,3541
2028,10,3619
2029,10,3557
2030,10,3541
2031,10,3536
2032,10,3531
2033,10,3478
2034,10,3539
2035,10,3482
2036,10,3569
2037,10,3589
2038,10,3515
2039,10,3588
2040,10,3556
2041,10,3596
2042,10,3535
2043,10,3501
2044,10,3480
2045,10,3519
2046,10,3559
2047,10,3536
2048,10,6366
2049,10,3505
2050,10,3473
2051,10,3586
2052,10,3511
2053,10,3509
2054,10,3535
2055,10,3568
2056,10,3554
2057,10,3550
2058,10,3543
2059,10,3585
2060,10,3533
2061,10,3550
2062,10,3545
2063,10,3543
2064,10,4739
2065,10,3240
2066,10,3283
2067,10,3263
2068,10,3176
2069,10,3277
2070,10,3280
2071,10,3243
2072,10,3244
2073,10,3176
2074,10,3259
2075,10,3203
2076,10,3269
2077,10,3337
2078,10,3227
2079,10,3333
2080,10,3286
2081,10,3278
2082,10,3401
2083,10,3268
2084,10,3240
2085,10,3208
2086,10,3258
2087,10,3291
2088,10,3220
2089,10,3203
2090,10,3251
2091,10,3219
2092,10,3232
2093,10,3232
2094,10,3243
2095,10,3237
2096,10,3306
2097,10,3284
2098,10,3268
2099,10,3262
2100,10,3234
2101,10,3255
2102,10,3237
2103,10,3240
2104,10,3225
2105,10,3235
2106,10,3257
2107,10,3229
2108,10,3254
2109,10,3247
2110,10,3301
2111,10,3233
2112,10,3304
2113,10,3194
2114,10,3242
2115,10,3239
2116,10,3229
2117,10,3228
2118,10,3271
2119,10,3245
2120,10,3261
2121,10,3221
2122,10,3227
2123,10,3282
2124,10,3217
2125,10,3265
2126,10,3273
2127,10,3222
2128,10,3221
2129,10,3220
2130,10,3242
2131,10,3246
2132,10,3286
2133,10,3268
2134,10,3257
2135,10,3199
2136,10,3253
2137,10,3234
2138,10,3294
2139,10,3279
2140,10,3244
2141,10,3192
2142,10,3222
2143,10,3323
2144,10,3241
2145,10,3243
2146,10,3245
2147,10,3266
2148,10,3261
2149,10,3269
2150,10,3209
2151,10,3296
2152,10,3259
2153,10,3192
2154,10,3269
2155,10,3226
2156,10,3264
2157,10,3241
2158,10,3293
2159,10,3243
2160,10,3220
2161,10,3225
2162,10,3236
2163,10,3239
2164,10,3225
2165,10,3227
2166,10,3254
2167,10,3272
2168,10,3226
2169,10,3254
2170,10,3262
2171,10,3281
2172,10,3220
2173,10,3270
2174,10,3181
2175,10,3219
2176,10,3255
2177,10,3210
2178,10,3220
2179,10,3289
2180,10,3226
2181,10,3217
2182,10,3184
2183,10,3234
2184,10,3186
2185,10,3204
2186,10,3305
2187,10,3235
2188,10,3234
2189,10,3251
2190,10,3264
2191,10,3280
2192,10,3205
2193,10,3223
2194,10,3317
2195,10,3260
2196,10,3272
2197,10,3213
2198,10,3204
2199,10,3191
2200,10,3221
2201,10,3256
2202,10,3225
2203,10,3213
2204,10,3182
2205,10,3275
2206,10,3251
2207,10,3255
2208,10,3188
2209,10,3249
2210,10,3198
2211,10,3219
2212,10,3255
2213,10,3263
2214,10,3180
2215,10,3290
2216,10,3292
2217,10,3225
2218,10,3234
2219,10,3224
2220,10,3239
2221,10,3234
2222,10,3283
2223,10,3218
2224,10,3266
2225,10,3228
2226,10,3258
2227,10,3281
2228,10,3221
2229,10,3218
2230,10,3257
2231,10,3260
2232,10,3249
2233,10,3281
2234,10,3251
2235,10,3218
2236,10,3238
2237,10,3229
2238,10,3262
2239,10,3235
2240,10,3225
2241,10,3301
2242,10,3258
2243,10,3257
2244,10,3210
2245,10,3247
2246,10,3190
2247,10,3302
2248,10,3208
2249,10,3222
2250,10,3193
2251,10,3276
2252,10,3226
2253,10,3281
2254,10,3227
2255,10,3297
2256,10,3230
2257,10,3242
2258,10,3178
2259,10,3214
2260,10,3217
2261,10,3188
2262,10,3290
2263,10,3264
2264,10,3216
2265,10,3291
2266,10,3282
2267,10,3252
2268,10,3274
2269,10,3220
2270,10,3251
2271,10,3206
2272,10,3275
2273,10,3229
2274,10,3223
2275,10,3285
2276,10,3223
2277,10,3291
2278,10,3235
2279,10,3259
2280,10,3295
2281,10,3227
2282,10,3302
2283,10,3199
2284,10,3251
2285,10,3208
2286,10,3229
2287,10,3217
2288,10,3246
2289,10,3264
2290,10,3193
2291,10,3363
2292,10,3270
2293,10,3213
2294,10,3243
2295,10,3183
2296,10,3282
2297,10,3220
2298,10,3214
2299,10,3217
2300,10,3258
2301,10,3271
2302,10,3232
2303,10,3203
2304,10,3298
2305,10,3257
2306,10,3209
2307,10,3220
2308,10,3206
2309,10,3296
2310,10,3192
2311,10,3380
2312,10,3234
2313,10,3201
2314,10,3238
2315,10,3271
2316,10,3236
2317,10,3239
2318,10,3262
2319,10,3245
2320,10,3300
2321,10,3282
2322,10,3243
2323,10,3285
2324,10,3216
2325,10,3220
2326,10,3212
2327,10,3246
2328,10,3218
2329,10,3237
2330,10,3248
2331,10,3210
2332,10,3324
2333,10,3253
2334,10,3219
2335,10,3285
2336,10,3279
2337,10,3192
2338,10,3237
2339,10,3271
2340,10,3210
2341,10,3298
2342,10,3261
2343,10,3250
2344,10,3240
2345,10,3702
2346,10,3258
2347,10,3214
2348,10,3236
2349,10,3306
2350,10,4976
2351,10,4834
2352,10,3284
2353,10,3251
2354,10,3270
2355,10,3261
2356,10,3233
2357,10,3247
2358,10,4813
2359,10,3545
2360,10,3485
2361,10,3624
2362,10,3533
2363,10,3474
2364,10,3523
2365,10,3540
2366,10,3546
2367,10,3512
2368,10,3536
2369,10,3582
2370,10,3543
2371,10,3520
2372,10,3570
2373,10,3647
2374,10,3545
2375,10,3627
2376,10,3633
2377,10,3539
2378,10,3571
2379,10,3509
2380,10,3535
2381,10,3586
2382,10,3569
2383,10,3519
2384,10,3529
2385,10,3562
2386,10,3557
2387,10,3512
2388,10,3551
2389,10,3601
2390,10,3554
2391,10,3595
2392,10,3586
2393,10,3602
2394,10,3559
2395,10,3554
2396,10,3502
2397,10,3602
2398,10,3523
2399,10,3490
2400,10,3460
2401,10,3516
2402,10,3536
2403,10,3571
2404,10,3532
2405,10,3588
2406,10,3519
2407,10,3552
2408,10,3549
2409,10,3650
2410,10,3547
2411,10,3491
2412,10,3593
2413,10,3550
2414,10,3578
2415,10,3489
2416,10,3565
2417,10,3460
2418,10,3509
2419,10,3552
2420,10,3597
2421,10,3526
2422,10,3560
2423,10,3560
2424,10,3539
2425,10,3540
2426,10,3510
2427,10,3531
2428,10,3526
2429,10,3462
2430,10,3559
2431,10,3520
2432,10,3538
2433,10,3566
2434,10,3530
2435,10,3519
2436,10,3506
2437,10,3586
2438,10,3547
2439,10,3544
2440,10,3524
2441,10,3582
2442,10,3556
2443,10,3570
2444,10,3547
2445,10,3499
2446,10,3516
2447,10,3536
2448,10,3562
2449,10,3519
2450,10,3516
2451,10,3574
2452,10,3538
2453,10,3508
2454,10,3566
2455,10,3552
2456,10,3516
2457,10,3519
2458,10,3514
2459,10,3518
2460,10,3575
2461,10,3564
2462,10,3498
2463,10,3523
2464,10,3455
2465,10,3536
2466,10,3478
2467,10,3457
2468,10,3500
2469,10,3476
2470,10,3650
2471,10,3609
2472,10,3599
2473,10,3557
2474,10,3623
2475,10,3582
2476,10,3498
2477,10,3539
2478,10,3506
2479,10,3467
2480,10,3557
2481,10,3487
2482,10,3520
2483,10,3458
2484,10,3534
2485,10,3647
2486,10,3475
2487,10,3503
2488,10,3484
2489,10,3569
2490,10,3553
2491,10,3521
2492,10,3491
2493,10,3596
2494,10,3588
2495,10,3551
2496,10,3589
2497,10,3554
2498,10,3514
2499,10,3556
2500,10,3528
2501,10,3513
2502,10,3551
2503,10,3668
2504,10,3517
2505,10,3605
2506,10,3538
2507,10,3534
2508,10,3555
2509,10,3504
2510,10,3489
2511,10,3578
2512,10,3524
2513,10,3554
2514,10,3529
2515,10,3521
2516,10,3478
2517,10,3553
2518,10,3518
2519,10,3521
2520,10,3598
2521,10,3537
2522,10,3540
2523,10,3527
2524,10,3480
2525,10,3578
2526,10,3570
2527,10,3544
2528,10,3520
2529,10,3514
2530,10,3567
2531,10,3504
2532,10,3481
2533,10,3617
2534,10,3501
2535,10,3534
2536,10,3584
2537,10,3510
2538,10,3507
2539,10,3545
2540,10,3481
2541,10,3592
2542,10,3599
2543,10,3498
2544,10,3485
2545,10,3468
2546,10,3538
2547,10,3521
2548,10,3494
2549,10,3501
2550,10,3541
2551,10,3459
2552,10,3588
2553,10,3509
2554,10,3545
2555,10,3477
2556,10,3508
2557,10,3519
2558,10,3586
2559,10,3554
2560,10,3550
2561,10,3475
2562,10,3570
2563,10,3577
2564,10,3561
2565,10,3514
2566,10,3536
2567,10,3526
2568,10,3516
2569,10,3623
2570,10,3548
2571,10,3491
2572,10,3557
2573,10,3507
2574,10,3561
2575,10,3549
2576,10,3493
2577,10,3614
2578,10,3489
2579,10,3489
2580,10,3539
2581,10,3587
2582,10,3551
2583,10,3495
2584,10,3456
2585,10,3532
2586,10,3513
2587,10,3586
2588,10,3543
2589,10,3556
2590,10,3544
2591,10,3525
2592,10,3513
2593,10,3496
2594,10,3595
2595,10,3503
2596,10,3571
2597,10,3622
2598,10,3508
2599,10,3475
2600,10,3569
2601,10,3489
2602,10,3527
2603,10,3536
2604,10,3526
2605,10,3503
2606,10,3528
2607,10,3457
2608,10,3516
2609,10,3529
2610,10,3546
2611,10,3550
2612,10,3575
2613,10,3590
2614,10,3617
2615,10,3558
2616,10,3593
2617,10,3529
2618,10,3578
2619,10,3580
2620,10,3538
2621,10,3610
2622,10,3566
2623,10,3591
2624,10,3557
2625,10,3600
2626,10,3693
2627,10,3532
2628,10,3537
2629,10,3544
2630,10,5664
2631,10,5754
2632,10,3540
2633,10,3523
2634,10,3551
2635,10,3549
2636,10,3521
2637,10,3509
2638,10,3577
2639,10,3511
2640,10,3482
2641,10,3526
2642,10,3558
2643,10,3498
2644,10,3530
2645,10,3492
2646,10,3583
2647,10,4717
2648,10,3188
2649,10,3258
2650,10,3278
2651,10,3296
2652,10,3208
2653,10,3215
2654,10,3219
2655,10,3199
2656,10,3206
2657,10,3206
2658,10,3211
2659,10,3181
2660,10,3287
2661,10,3243
2662,10,3151
2663,10,3278
2664,10,3178
2665,10,3213
2666,10,3196
2667,10,3183
2668,10,3208
2669,10,3209
2670,10,3174
2671,10,3161
2672,10,3206
2673,10,3166
2674,10,3174
2675,10,3187
2676,10,3187
2677,10,3191
2678,10,3214
2679,10,3142
2680,10,3188
2681,10,3212
2682,10,3206
2683,10,3226
2684,10,3193
2685,10,3267
2686,10,3210
2687,10,3195
2688,10,3200
2689,10,3230
2690,10,3188
2691,10,3276
2692,10,3230
2693,10,3272
2694,10,3250
2695,10,3184
2696,10,3212
2697,10,3219
2698,10,3200
2699,10,3189
2700,10,3246
2701,10,3188
2702,10,3233
2703,10,4729
2704,10,3473
2705,10,3503
2706,10,3496
2707,10,3569
2708,10,3493
2709,10,3549
2710,10,3524
2711,10,3634
2712,10,3582
2713,10,3488
2714,10,3580
2715,10,3505
2716,10,3566
2717,10,3564
2718,10,3577
2719,10,3516
2720,10,3551
2721,10,3508
2722,10,3588
2723,10,3492
2724,10,3562
2725,10,3552
2726,10,3558
2727,10,3528
2728,10,3521
2729,10,3478
2730,10,3496
2731,10,3571
2732,10,3520
2733,10,3568
2734,10,3602
2735,10,3533
2736,10,3534
2737,10,3574
2738,10,3530
2739,10,3550
2740,10,3542
2741,10,3489
2742,10,3483
2743,10,3557
2744,10,3645
2745,10,3520
2746,10,3582
2747,10,3518
2748,10,3596
2749,10,3498
2750,10,3571
2751,10,3500
2752,10,3486
2753,10,3546
2754,10,3537
2755,10,3536
2756,10,3543
2757,10,3619
2758,10,3451
2759,10,3592
2760,10,3484
2761,10,3489
2762,10,3493
2763,10,3454
2764,10,3520
2765,10,3572
2766,10,3575
2767,10,3552
2768,10,3514
2769,10,3581
2770,10,3509
2771,10,3483
2772,10,3518
2773,10,3535
2774,10,3537
2775,10,3499
2776,10,3509
2777,10,3497
2778,10,3479
2779,10,3539
2780,10,3551
2781,10,3564
2782,10,3516
2783,10,3510
2784,10,3581
2785,10,3511
2786,10,3546
2787,10,3502
2788,10,3470
2789,10,3551
2790,10,3495
2791,10,3526
2792,10,3500
2793,10,3530
2794,10,3562
2795,10,3520
2796,10,3533
2797,10,3534
2798,10,3523
2799,10,3607
2800,10,3540
2801,10,3530
2802,10,3485
2803,10,3464
2804,10,3464
2805,10,3517
2806,10,3512
2807,10,3449
2808,10,3543
2809,10,3515
2810,10,3505
2811,10,3499
2812,10,3449
2813,10,3466
2814,10,3492
2815,10,3489
2816,10,3606
2817,10,3552
2818,10,3538
2819,10,3455
2820,10,3478
2821,10,3436
2822,10,3478
2823,10,3541
2824,10,3519
2825,10,3514
2826,10,3478
2827,10,3549
2828,10,3549
2829,10,3501
2830,10,3537
2831,10,3478
2832,10,3522
2833,10,3591
2834,10,3504
2835,10,3500
2836,10,3578
2837,10,3504
2838,10,3525
2839,10,3475
2840,10,3501
2841,10,3498
2842,10,3448
2843,10,3488
2844,10,3505
2845,10,3489
2846,10,3479
2847,10,3434
2848,10,3492
2849,10,3551
2850,10,3550
2851,10,3470
2852,10,3508
2853,10,3497
2854,10,3485
2855,10,3506
2856,10,3456
2857,10,3479
2858,10,3528
2859,10,3447
2860,10,3515
2861,10,3467
2862,10,3513
2863,10,3493
2864,10,3494
2865,10,3470
2866,10,3511
2867,10,3542
2868,10,3469
2869,10,3451
2870,10,3509
2871,10,3456
2872,10,3481
2873,10,3600
2874,10,3467
2875,10,3498
2876,10,3450
2877,10,3510
2878,10,3556
2879,10,3540
2880,10,3603
2881,10,3597
2882,10,3477
2883,10,3490
2884,10,3534
2885,10,3492
2886,10,3450
2887,10,3552
2888,10,3538
2889,10,3525
2890,10,3652
2891,10,3476
2892,10,3475
2893,10,3443
2894,10,3672
2895,10,3516
2896,10,3531
2897,10,3566
2898,10,3535
2899,10,3590
2900,10,3526
2901,10,3476
2902,10,3561
2903,10,3505
2904,10,3566
2905,10,3552
2906,10,3498
2907,10,3474
2908,10,3528
2909,10,3549
2910,10,3466
2911,10,3487
2912,10,3483
2913,10,3484
2914,10,3665
2915,10,4951
2916,10,3477
2917,10,3499
2918,10,3502
2919,10,3584
2920,10,3545
2921,10,3478
2922,10,3510
2923,10,3507
2924,10,3573
2925,10,3500
2926,10,3500
2927,10,3491
2928,10,3558
2929,10,3486
2930,10,3546
2931,10,3509
2932,10,3473
2933,10,3530
2934,10,3550
2935,10,3559
2936,10,3589
2937,10,3540
2938,10,3523
2939,10,3678
2940,10,3705
2941,10,3467
2942,10,3448
2943,10,3521
2944,10,3485
2945,10,3502
2946,10,3561
2947,10,3519
2948,10,3564
2949,10,3477
2950,10,3523
2951,10,3502
2952,10,3582
2953,10,3466
2954,10,3542
2955,10,3507
2956,10,3446
2957,10,3490
2958,10,3455
2959,10,3623
2960,10,3554
2961,10,3501
2962,10,3501
2963,10,3533
2964,10,3512
2965,10,3485
2966,10,3553
2967,10,3513
2968,10,3517
2969,10,3453
2970,10,3504
2971,10,3464
2972,10,3536
2973,10,3531
2974,10,3483
2975,10,3473
2976,10,3465
2977,10,3439
2978,10,3477
2979,10,3552
2980,10,3491
2981,10,3473
2982,10,3465
2983,10,3474
2984,10,3472
2985,10,3505
2986,10,3623
2987,10,3626
2988,10,3543
2989,10,3526
2990,10,3520
2991,10,3479
2992,10,3475
2993,10,3581
2994,10,3547
2995,10,3496
2996,10,3544
2997,10,3504
2998,10,3510
2999,10,3503
3000,10,3520
3001,10,3458
3002,10,3569
3003,10,3495
3004,10,3488
3005,10,3455
3006,10,3461
3007,10,3452
3008,10,3505
3009,10,3480
3010,10,3595
3011,10,3529
3012,10,3476
3013,10,3477
3014,10,3476
3015,10,3497
3016,10,3515
3017,10,3520
3018,10,3492
3019,10,3491
3020,10,3469
3021,10,3504
3022,10,3461
3023,10,3499
3024,10,3471
3025,10,3550
3026,10,3495
3027,10,3502
3028,10,3484
3029,10,3487
3030,10,3480
3031,10,3474
3032,10,3570
3033,10,3482
3034,10,3469
3035,10,3545
3036,10,3452
3037,10,3556
3038,10,3529
3039,10,3605
3040,10,3515
3041,10,3451
3042,10,3588
3043,10,3507
3044,10,3454
3045,10,3467
3046,10,3524
3047,10,3623
3048,10,3486
3049,10,3559
3050,10,3539
3051,10,3479
3052,10,3503
3053,10,3556
3054,10,3623
3055,10,3541
3056,10,3485
3057,10,3559
3058,10,3579
3059,10,3478
3060,10,3448
3061,10,3523
3062,10,3626
3063,10,3492
3064,10,3460
3065,10,3453
3066,10,3488
3067,10,3463
3068,10,3483
3069,10,3559
3070,10,3512
3071,10,3444
3072,10,3509
3073,10,3524
3074,10,3474
3075,10,3449
3076,10,3502
3077,10,3469
3078,10,3459
3079,10,3506
3080,10,3521
3081,10,3456
3082,10,3439
3083,10,3482
3084,10,3490
3085,10,3481
3086,10,3510
3087,10,3445
3088,10,3501
3089,10,3523
3090,10,3492
3091,10,3475
3092,10,3465
3093,10,3502
3094,10,3496
3095,10,3488
3096,10,3482
3097,10,3442
3098,10,3476
3099,10,3514
3100,10,3449
3101,10,3454
3102,10,3576
3103,10,3474
3104,10,3532
3105,10,3513
3106,10,3552
3107,10,3459
3108,10,3521
3109,10,3494
3110,10,3559
3111,10,3451
3112,10,3503
3113,10,3482
3114,10,3510
3115,10,3507
3116,10,3494
3117,10,3478
3118,10,3515
3119,10,3507
3120,10,3506
3121,10,3483
3122,10,3493
3123,10,3453
3124,10,3468
3125,10,3493
3126,10,3474
3127,10,3459
3128,10,3482
3129,10,3494
3130,10,3547
3131,10,3556
3132,10,3502
3133,10,3496
3134,10,3457
3135,10,3540
3136,10,3489
3137,10,3500
3138,10,3588
3139,10,3584
3140,10,3538
3141,10,3506
3142,10,3549
3143,10,3468
3144,10,3490
3145,10,3569
3146,10,3467
3147,10,3460
3148,10,3525
3149,10,3462
3150,10,3442
3151,10,3472
3152,10,3500
3153,10,3464
3154,10,3507
3155,10,3531
3156,10,3506
3157,10,3455
3158,10,3486
3159,10,3488
3160,10,3492
3161,10,3513
3162,10,3502
3163,10,3448
3164,10,3486
3165,10,3486
3166,10,3457
3167,10,3462
3168,10,3448
3169,10,3524
3170,10,3546
3171,10,3501
3172,10,3501
3173,10,3442
3174,10,3468
3175,10,3494
3176,10,3499
3177,10,3465
3178,10,3488
3179,10,3569
3180,10,3504
3181,10,3498
3182,10,3511
3183,10,3523
3184,10,3472
3185,10,3507
3186,10,3462
3187,10,3494
3188,10,3485
3189,10,3497
3190,10,3574
3191,10,3467
3192,10,3460
3193,10,3454
3194,10,3479
3195,10,3491
3196,10,3443
3197,10,3472
3198,10,5109
3199,10,3586
3200,10,4403
3201,10,3489
3202,10,3570
3203,10,3532
3204,10,3506
3205,10,3525
3206,10,3484
3207,10,3571
3208,10,3463
3209,10,3535
3210,10,3470
3211,10,3503
3212,10,3488
3213,10,3497
3214,10,3490
3215,10,3534
3216,10,3512
3217,10,3528
3218,10,3480
3219,10,3496
3220,10,3502
3221,10,4499
3222,10,3035
3223,10,3094
3224,10,3099
3225,10,3038
3226,10,3041
3227,10,3038
3228,10,3000
3229,10,3052
3230,10,3042
3231,10,2999
3232,10,3025
3233,10,3087
3234,10,3020
3235,10,3091
3236,10,3030
3237,10,3117
3238,10,3015
3239,10,3096
3240,10,3036
3241,10,3086
3242,10,3013
3243,10,3105
3244,10,3106
3245,10,3119
3246,10,3043
3247,10,3048
3248,10,3119
3249,10,3062
3250,10,3076
3251,10,3072
3252,10,3062
3253,10,3049
3254,10,3056
3255,10,3024
3256,10,3081
3257,10,3083
3258,10,3063
3259,10,3064
3260,10,3010
3261,10,3003
3262,10,3096
3263,10,3067
3264,10,3125
3265,10,3016
3266,10,3123
3267,10,3016
3268,10,3006
3269,10,3105
3270,10,3047
3271,10,3106
3272,10,3068
3273,10,3078
3274,10,3029
3275,10,3143
3276,10,3041
3277,10,3079
3278,10,3035
3279,10,3045
3280,10,3124
3281,10,3015
3282,10,3061
3283,10,3082
3284,10,3047
3285,10,3059
3286,10,3015
3287,10,3037
3288,10,3097
3289,10,3076
3290,10,3106
3291,10,3087
3292,10,3090
3293,10,3068
3294,10,3054
3295,10,3085
3296,10,3082
3297,10,3040
3298,10,3052
3299,10,3079
3300,10,3041
3301,10,3054
3302,10,3086
3303,10,3081
3304,10,3054
3305,10,3118
3306,10,3050
3307,10,3041
3308,10,3020
3309,10,3054
3310,10,3050
3311,10,3068
3312,10,3076
3313,10,3110
3314,10,3092
3315,10,3064
3316,10,3122
3317,10,3019
3318,10,3031
3319,10,3156
3320,10,3090
3321,10,3107
3322,10,3097
3323,10,3161
3324,10,3142
3325,10,3098
3326,10,3103
3327,10,3142
3328,10,3079
3329,10,3016
3330,10,3102
3331,10,3077
3332,10,3020
3333,10,3077
3334,10,3089
3335,10,3090
3336,10,3047
3337,10,3110
3338,10,3046
3339,10,3084
3340,10,3149
3341,10,3076
3342,10,3096
3343,10,3052
3344,10,3053
3345,10,3045
3346,10,3127
3347,10,3037
3348,10,3076
3349,10,3072
3350,10,3044
3351,10,3105
3352,10,3042
3353,10,3060
3354,10,3103
3355,10,2995
3356,10,3169
3357,10,3001
3358,10,3101
3359,10,3117
3360,10,3076
3361,10,3120
3362,10,3020
3363,10,3160
3364,10,3102
3365,10,3054
3366,10,3069
3367,10,3038
3368,10,3060
3369,10,3026
3370,10,3040
3371,10,3086
3372,10,3088
3373,10,3091
3374,10,3068
3375,10,3052
3376,10,3107
3377,10,3068
3378,10,3070
3379,10,3026
3380,10,3092
3381,10,3065
3382,10,3076
3383,10,3146
3384,10,3094
3385,10,3062
3386,10,3091
3387,10,3021
3388,10,3057
3389,10,3048
3390,10,3054
3391,10,3136
3392,10,3037
3393,10,3067
3394,10,3093
3395,10,3012
3396,10,3082
3397,10,3040
3398,10,3060
3399,10,3044
3400,10,3065
3401,10,3080
3402,10,3061
3403,10,3167
3404,10,3083
3405,10,3100
3406,10,3005
3407,10,3032
3408,10,3020
3409,10,3044
3410,10,3084
3411,10,3097
3412,10,3100
3413,10,3043
3414,10,3028
3415,10,3045
3416,10,3075
3417,10,3065
3418,10,3082
3419,10,3033
3420,10,3071
3421,10,3041
3422,10,3098
3423,10,3079
3424,10,3020
3425,10,3044
3426,10,3031
3427,10,3065
3428,10,3076
3429,10,3071
3430,10,3168
3431,10,3083
3432,10,3101
3433,10,3063
3434,10,3071
3435,10,3051
3436,10,3062
3437,10,3082
3438,10,3053
3439,10,3096
3440,10,3035
3441,10,3056
3442,10,3082
3443,10,3029
3444,10,3035
3445,10,3010
3446,10,3113
3447,10,3072
3448,10,3073
3449,10,3067
3450,10,3050
3451,10,3013
3452,10,3028
3453,10,3039
3454,10,3073
3455,10,3071
3456,10,3139
3457,10,3014
3458,10,3042
3459,10,3078
3460,10,3086
3461,10,3112
3462,10,3082
3463,10,3041
3464,10,3021
3465,10,3122
3466,10,3028
3467,10,3017
3468,10,3013
3469,10,3090
3470,10,3017
3471,10,3026
3472,10,3031
3473,10,3051
3474,10,3051
3475,10,3123
3476,10,3119
3477,10,3091
3478,10,3039
3479,10,3029
3480,10,3038
3481,10,3142
3482,10,3047
3483,10,3061
3484,10,3081
3485,10,3094
3486,10,3080
3487,10,3102
3488,10,3093
3489,10,3136
3490,10,3074
3491,10,3056
3492,10,3124
3493,10,3028
3494,10,3058
3495,10,3074
3496,10,3080
3497,10,3132
3498,10,3145
3499,10,3161
3500,10,3139
3501,10,3122
3502,10,3111
3503,10,3029
3504,10,3161
3505,10,3109
3506,10,3054
3507,10,3110
3508,10,3072
3509,10,3086
3510,10,3038
3511,10,3018
3512,10,3013
3513,10,3100
3514,10,3014
3515,10,3119
3516,10,3034
3517,10,3819
3518,10,3129
3519,10,3101
3520,10,3110
3521,10,3084
3522,10,3023
3523,10,3066
3524,10,4717
3525,10,3500
3526,10,3474
3527,10,3449
3528,10,3538
3529,10,3485
3530,10,3555
3531,10,3505
3532,10,3519
3533,10,3532
3534,10,3504
3535,10,3545
3536,10,3491
3537,10,3617
3538,10,3478
3539,10,3487
3540,10,3499
3541,10,3513
3542,10,3515
3543,10,3482
3544,10,3518
3545,10,3540
3546,10,3519
3547,10,3546
3548,10,3542
3549,10,3499
3550,10,3590
3551,10,3520
3552,10,3534
3553,10,3522
3554,10,3502
3555,10,3573
3556,10,3491
3557,10,3449
3558,10,3477
3559,10,3499
3560,10,3558
3561,10,3538
3562,10,3472
3563,10,3502
3564,10,3497
3565,10,3496
3566,10,3498
3567,10,3461
3568,10,3475
3569,10,3468
3570,10,3498
3571,10,3509
3572,10,3510
3573,10,3545
3574,10,3501
3575,10,3516
3576,10,3534
3577,10,3562
3578,10,3628
3579,10,3554
3580,10,3482
3581,10,3544
3582,10,3557
3583,10,3517
3584,10,3485
3585,10,3571
3586,10,3440
3587,10,3539
3588,10,3520
3589,10,3546
3590,10,3508
3591,10,3487
3592,10,3551
3593,10,3452
3594,10,3498
3595,10,3474
3596,10,3505
3597,10,3556
3598,10,3566
3599,10,3545
3600,10,3482
3601,10,3445
3602,10,3552
3603,10,3461
3604,10,3535
3605,10,3462
3606,10,3485
3607,10,3562
3608,10,3526
3609,10,3481
3610,10,3586
3611,10,3612
3612,10,3555
3613,10,3593
3614,10,3498
3615,10,3554
3616,10,3602
3617,10,3453
3618,10,3526
3619,10,3495
3620,10,3469
3621,10,3458
3622,10,3465
3623,10,3537
3624,10,3562
3625,10,3530
3626,10,3472
3627,10,3553
3628,10,3484
3629,10,3590
3630,10,3515
3631,10,3541
3632,10,3585
3633,10,3585
3634,10,3514
3635,10,3486
3636,10,3478
3637,10,3579
3638,10,3517
3639,10,3516
3640,10,3497
3641,10,3521
3642,10,3524
3643,10,3551
3644,10,3524
3645,10,3553
3646,10,3624
3647,10,3549
3648,10,3574
3649,10,3584
3650,10,3602
3651,10,3613
3652,10,3598
3653,10,3561
3654,10,3518
3655,10,3557
3656,10,3472
3657,10,3505
3658,10,3516
3659,10,3496
3660,10,3547
3661,10,3492
3662,10,3606
3663,10,3493
3664,10,3544
3665,10,3607
3666,10,3527
3667,10,3564
3668,10,3426
3669,10,3497
3670,10,3572
3671,10,3536
3672,10,3499
3673,10,3418
3674,10,3441
3675,10,3468
3676,10,3499
3677,10,3437
3678,10,3468
3679,10,3462
3680,10,3447
3681,10,3442
3682,10,3508
3683,10,3471
3684,10,3469
3685,10,3570
3686,10,3461
3687,10,3566
3688,10,3505
3689,10,3518
3690,10,3437
3691,10,3457
3692,10,3528
3693,10,3446
3694,10,3439
3695,10,3432
3696,10,3438
3697,10,3438
3698,10,3418
3699,10,3474
3700,10,3532
3701,10,3487
3702,10,3490
3703,10,3479
3704,10,3513
3705,10,3475
3706,10,3456
3707,10,3501
3708,10,3601
3709,10,3506
3710,10,3466
3711,10,3463
3712,10,3542
3713,10,3494
3714,10,3527
3715,10,3531
3716,10,3508
3717,10,3499
3718,10,3538
3719,10,3586
3720,10,3551
3721,10,3520
3722,10,3524
3723,10,3545
3724,10,3521
3725,10,3483
3726,10,3537
3727,10,3537
3728,10,3479
3729,10,3521
3730,10,3498
3731,10,3528
3732,10,3471
3733,10,3504
3734,10,3573
3735,10,3515
3736,10,3541
3737,10,3471
3738,10,3508
3739,10,3525
3740,10,3460
3741,10,3574
3742,10,3471
3743,10,3508
3744,10,3497
3745,10,3563
3746,10,3514
3747,10,3508
3748,10,3595
3749,10,3512
3750,10,3467
3751,10,3484
3752,10,3520
3753,10,3609
3754,10,3554
3755,10,3524
3756,10,3488
3757,10,3499
3758,10,3549
3759,10,3551
3760,10,3543
3761,10,3470
3762,10,3531
3763,10,3543
3764,10,3493
3765,10,3681
3766,10,3574
3767,10,3545
3768,10,3512
3769,10,3523
3770,10,3550
3771,10,3503
3772,10,3511
3773,10,3550
3774,10,3599
3775,10,3470
3776,10,3438
3777,10,3506
3778,10,3491
3779,10,3589
3780,10,3450
3781,10,3487
3782,10,3455
3783,10,3518
3784,10,3519
3785,10,3439
3786,10,3463
3787,10,3480
3788,10,3467
3789,10,3580
3790,10,3493
3791,10,3477
3792,10,3595
3793,10,3440
3794,10,3484
3795,10,3429
3796,10,3438
3797,10,3527
3798,10,3504
3799,10,3462
3800,10,12557
3801,10,3443
3802,10,3493
3803,10,3470
3804,10,3444
3805,10,3481
3806,10,3442
3807,10,3465
3808,10,3531
3809,10,3418
3810,10,3561
3811,10,3427
3812,10,3541
3813,10,3433
3814,10,3512
3815,10,3431
3816,10,3450
3817,10,3505
3818,10,3484
3819,10,3527
3820,10,3551
3821,10,3501
3822,10,3470
3823,10,4559
3824,10,3095
3825,10,4896
3826,10,3461
3827,10,3548
3828,10,3539
3829,10,3558
3830,10,3480
3831,10,3476
3832,10,3504
3833,10,3562
3834,10,3529
3835,10,3512
3836,10,3481
3837,10,3507
3838,10,3541
3839,10,3505
3840,10,3610
3841,10,3480
3842,10,3546
3843,10,3563
3844,10,3468
3845,10,3476
3846,10,3511
3847,10,3521
3848,10,3504
3849,10,3448
3850,10,3524
3851,10,3513
3852,10,4399
3853,10,5428
3854,10,4943
3855,10,4972
3856,10,5139
3857,10,5614
3858,10,5201
3859,10,5722
3860,10,5302
3861,10,5206
3862,10,5759
3863,10,5257
3864,10,5602
3865,10,5534
3866,10,5819
3867,10,5040
3868,10,5809
3869,10,5380
3870,10,6005
3871,10,5658
3872,10,5435
3873,10,5719
3874,10,5789
3875,10,6139
3876,10,5523
3877,10,5393
3878,10,5739
3879,10,5411
3880,10,5979
3881,10,6270
3882,10,5807
3883,10,5824
3884,10,5654
3885,10,6108
3886,10,6064
3887,10,6004
3888,10,5853
3889,10,5804
3890,10,5964
3891,10,6295
3892,10,6281
3893,10,5946
3894,10,5780
3895,10,5889
3896,10,6192
3897,10,6419
3898,10,5644
3899,10,5411
3900,10,5847
3901,10,5454
3902,10,5269
3903,10,5154
3904,10,5378
3905,10,5414
3906,10,5345
3907,10,5263
3908,10,5929
3909,10,5832
3910,10,5745
3911,10,5659
3912,10,5675
3913,10,5698
3914,10,6207
3915,10,6015
3916,10,5400
3917,10,6058
3918,10,6250
3919,10,5563
3920,10,5640
3921,10,6363
3922,10,6123
3923,10,5936
3924,10,5879
3925,10,6363
3926,10,5727
3927,10,6591
3928,10,6100
3929,10,5368
3930,10,3648
3931,10,3572
3932,10,3454
3933,10,3440
3934,10,3440
3935,10,3436
3936,10,3506
3937,10,3446
3938,10,3508
3939,10,3444
3940,10,3491
3941,10,3523
3942,10,3553
3943,10,3497
3944,10,3531
3945,10,3519
3946,10,3541
3947,10,3587
3948,10,3533
3949,10,3517
3950,10,3499
3951,10,3512
3952,10,3557
3953,10,3499
3954,10,3510
3955,10,3417
3956,10,3552
3957,10,3486
3958,10,3453
3959,10,3431
3960,10,3534
3961,10,3490
3962,10,3481
3963,10,3478
3964,10,3449
3965,10,3597
3966,10,3505
3967,10,3590
3968,10,3504
3969,10,3533
3970,10,3505
3971,10,3533
3972,10,3499
3973,10,3529
3974,10,3474
3975,10,3479
3976,10,3592
3977,10,3542
3978,10,3544
3979,10,3615
3980,10,3567
3981,10,3542
3982,10,3526
3983,10,3500
3984,10,3498
3985,10,3430
3986,10,3468
3987,10,3530
3988,10,3595
3989,10,3636
3990,10,3520
3991,10,3489
3992,10,3543
3993,10,3520
3994,10,3559
3995,10,3516
3996,10,3489
3997,10,3488
3998,10,3503
3999,10,3459
4000,10,3626
4001,10,3620
4002,10,3513
4003,10,3538
4004,10,3446
4005,10,3496
4006,10,3559
4007,10,3472
4008,10,3544
4009,10,3512
4010,10,3466
4011,10,3595
4012,10,3601
4013,10,3460
4014,10,3487
4015,10,3520
4016,10,3505
4017,10,3511
4018,10,3488
4019,10,3590
4020,10,3552
4021,10,3550
4022,10,3547
4023,10,3414
4024,10,3573
4025,10,3572
4026,10,3502
4027,10,7189
4028,10,3540
4029,10,3541
4030,10,4278
4031,10,3558
4032,10,3466
4033,10,3486
4034,10,3532
4035,10,3496
4036,10,3590
4037,10,3397
4038,10,3456
4039,10,3460
4040,10,3416
4041,10,3447
4042,10,3442
4043,10,3504
4044,10,3529
4045,10,3498
4046,10,4692
4047,10,3044
4048,10,3022
4049,10,3019
4050,10,3072
4051,10,3070
4052,10,3114
4053,10,3078
4054,10,3050
4055,10,3046
4056,10,2989
4057,10,3071
4058,10,3093
4059,10,3021
4060,10,3019
4061,10,2983
4062,10,3014
4063,10,3029
4064,10,2997
4065,10,3048
4066,10,3014
4067,10,3007
4068,10,3061
4069,10,3060
4070,10,3075
4071,10,3114
4072,10,3078
4073,10,3055
4074,10,3066
4075,10,3007
4076,10,2987
4077,10,3018
4078,10,3122
4079,10,3022
4080,10,3097
4081,10,3024
4082,10,3112
4083,10,3012
4084,10,3069
4085,10,2987
4086,10,3023
4087,10,3047
4088,10,2998
4089,10,3009
4090,10,3036
4091,10,3007
4092,10,3072
4093,10,3022
4094,10,3023
4095,10,2991
4096,10,3199
4097,10,3093
4098,10,3058
4099,10,3118
4100,10,3031
4101,10,3062
4102,10,3017
4103,10,3078
4104,10,2986
4105,10,3101
4106,10,3077
4107,10,3070
4108,10,3025
4109,10,3135
4110,10,3129
4111,10,3104
4112,10,3142
4113,10,3101
4114,10,3014
4115,10,3040
4116,10,3013
4117,10,3126
4118,10,3084
4119,10,3135
4120,10,3133
4121,10,3063
4122,10,3041
4123,10,3165
4124,10,3068
4125,10,3064
4126,10,3119
4127,10,3090
4128,10,4691
4129,10,3535
4130,10,3524
4131,10,3591
4132,10,3580
4133,10,3599
4134,10,3583
4135,10,3617
4136,10,3549
4137,10,3447
4138,10,3522
4139,10,3501
4140,10,3615
4141,10,3614
4142,10,3564
4143,10,3487
4144,10,3433
4145,10,3604
4146,10,3552
4147,10,3491
4148,10,3504
4149,10,3512
4150,10,3614
4151,10,3656
4152,10,3479
4153,10,3642
4154,10,3478
4155,10,3485
4156,10,3518
4157,10,3619
4158,10,4418
4159,10,3126
4160,10,3211
4161,10,2989
4162,10,3143
4163,10,3089
4164,10,3061
4165,10,3136
4166,10,3117
4167,10,3129
4168,10,3156
4169,10,3213
4170,10,3066
4171,10,3072
4172,10,3058
4173,10,3042
4174,10,3022
4175,10,3017
4176,10,3047
4177,10,3123
4178,10,3101
4179,10,3027
4180,10,3083
4181,10,3128
4182,10,3038
4183,10,3070
4184,10,2998
4185,10,3000
4186,10,3077
4187,10,3004
4188,10,3042
4189,10,3013
4190,10,3026
4191,10,3072
4192,10,3139
4193,10,3225
4194,10,3092
4195,10,3123
4196,10,3162
4197,10,3034
4198,10,4914
4199,10,3468
4200,10,3605
4201,10,3640
4202,10,3593
4203,10,3509
4204,10,3571
4205,10,3624
4206,10,3499
4207,10,3511
4208,10,3522
4209,10,3495
4210,10,3539
4211,10,3530
4212,10,3535
4213,10,3552
4214,10,3530
4215,10,3542
4216,10,3559
4217,10,4596
4218,10,3034
4219,10,3124
4220,10,3136
4221,10,3100
4222,10,3057
4223,10,3107
4224,10,3104
4225,10,3104
4226,10,3106
4227,10,3091
4228,10,3064
4229,10,3058
4230,10,3079
4231,10,3083
4232,10,3157
4233,10,3175
4234,10,3119
4235,10,3061
4236,10,3058
4237,10,3092
4238,10,3086
4239,10,3047
4240,10,3063
4241,10,3109
4242,10,3078
4243,10,3081
4244,10,3143
4245,10,3138
4246,10,3147
4247,10,3107
4248,10,3066
4249,10,3089
4250,10,3058
4251,10,3106
4252,10,3134
4253,10,3079
4254,10,3211
4255,10,3115
4256,10,3016
4257,10,3061
4258,10,3009
4259,10,3045
4260,10,3213
4261,10,3098
4262,10,5090
4263,10,3685
4264,10,3546
4265,10,3551
4266,10,3548
4267,10,3582
4268,10,3520
4269,10,3508
4270,10,3604
4271,10,3493
4272,10,3503
4273,10,3548
4274,10,3614
4275,10,3540
4276,10,3504
4277,10,3514
4278,10,3563
4279,10,3640
4280,10,3534
4281,10,3468
4282,10,3708
4283,10,3584
4284,10,3521
4285,10,3554
4286,10,3600
4287,10,3640
4288,10,3526
4289,10,3571
4290,10,5745
4291,10,5842
4292,10,5974
4293,10,6438
4294,10,6358
4295,10,6306
4296,10,6518
4297,10,6722
4298,10,6666
4299,10,6271
4300,10,6352
4301,10,6551
4302,10,6510
4303,10,6638
4304,10,14639
4305,10,6322
4306,10,6015
4307,10,5813
4308,10,5674
4309,10,5742
4310,10,5843
4311,10,5741
4312,10,5831
4313,10,5799
4314,10,5085
4315,10,16669
4316,10,6415
4317,10,6532
4318,10,6428
4319,10,3653
4320,10,3558
4321,10,3520
4322,10,3618
4323,10,3517
4324,10,3503
4325,10,3522
4326,10,3633
4327,10,3543
4328,10,3523
4329,10,3600
4330,10,3519
4331,10,3541
4332,10,3472
4333,10,3431
4334,10,3610
4335,10,3514
4336,10,3431
4337,10,3469
4338,10,3548
4339,10,3630
4340,10,3560
4341,10,3617
4342,10,3470
4343,10,3550
4344,10,3558
4345,10,3557
4346,10,3528
4347,10,3577
4348,10,3605
4349,10,3535
4350,10,3488
4351,10,3547
4352,10,3599
4353,10,3577
4354,10,3632
4355,10,3413
4356,10,3518
4357,10,3575
4358,10,3532
4359,10,3522
4360,10,3475
4361,10,3487
4362,10,3472
4363,10,3520
4364,10,3459
4365,10,3534
4366,10,3470
4367,10,3513
4368,10,3447
4369,10,3569
4370,10,3604
4371,10,3551
4372,10,3561
4373,10,3556
4374,10,3614
4375,10,3640
4376,10,3551
4377,10,3625
4378,10,3560
4379,10,3563
4380,10,3479
4381,10,3484
4382,10,3593
4383,10,3536
4384,10,3481
4385,10,3479
4386,10,3461
4387,10,3493
4388,10,3580
4389,10,3465
4390,10,3482
4391,10,3505
4392,10,3550
4393,10,3474
4394,10,3559
4395,10,3473
4396,10,3470
4397,10,3524
4398,10,3493
4399,10,3464
4400,10,3484
4401,10,3542
4402,10,3524
4403,10,6901
4404,10,3530
4405,10,3503
4406,10,3494
4407,10,3439
4408,10,3488
4409,10,3558
4410,10,3542
4411,10,3447
4412,10,3477
4413,10,3496
4414,10,3482
4415,10,3508
4416,10,3528
4417,10,3496
4418,10,3476
4419,10,3587
4420,10,3519
4421,10,3457
4422,10,3461
4423,10,3502
4424,10,3444
4425,10,3474
4426,10,3460
4427,10,3452
4428,10,3439
4429,10,5578
4430,10,3452
4431,10,3429
4432,10,3427
4433,10,3504
4434,10,3504
4435,10,3467
4436,10,3470
4437,10,3513
4438,10,3595
4439,10,3445
4440,10,3427
4441,10,3493
4442,10,3481
4443,10,3443
4444,10,3515
4445,10,3457
4446,10,3505
4447,10,3516
4448,10,3487
4449,10,3472
4450,10,3438
4451,10,3557
4452,10,3514
4453,10,3466
4454,10,3465
4455,10,3569
4456,10,3429
4457,10,3427
4458,10,3489
4459,10,3472
4460,10,3498
4461,10,5654
4462,10,3544
4463,10,3499
4464,10,3422
4465,10,3455
4466,10,3506
4467,10,3567
4468,10,3518
4469,10,3425
4470,10,3490
4471,10,3561
4472,10,3505
4473,10,3466
4474,10,3423
4475,10,3538
4476,10,3484
4477,10,3495
4478,10,3452
4479,10,3460
4480,10,3425
4481,10,3536
4482,10,3522
4483,10,3511
4484,10,3493
4485,10,3423
4486,10,3434
4487,10,3509
4488,10,3507
4489,10,3502
4490,10,3425
4491,10,3465
4492,10,3445
4493,10,3441
4494,10,3444
4495,10,3457
4496,10,3477
4497,10,3481
4498,10,3560
4499,10,3447
4500,10,3465
4501,10,3546
4502,10,3479
4503,10,3533
4504,10,3421
4505,10,3444
4506,10,3482
4507,10,3493
4508,10,3526
4509,10,3539
4510,10,3473
4511,10,3477
4512,10,3513
4513,10,3451
4514,10,3507
4515,10,3516
4516,10,5543
4517,10,3480
4518,10,3482
4519,10,3443
4520,10,3486
4521,10,3486
4522,10,3433
4523,10,3403
4524,10,3486
4525,10,3420
4526,10,3451
4527,10,3412
4528,10,3459
4529,10,3448
4530,10,3452
4531,10,3487
4532,10,3527
4533,10,3461
4534,10,3398
4535,10,3514
4536,10,3438
4537,10,3428
4538,10,3443
4539,10,5425
4540,10,3491
4541,10,3434
4542,10,5675
4543,10,6453
4544,10,6607
4545,10,5980
4546,10,6406
4547,10,12545
4548,10,3528
4549,10,3483
4550,10,3529
4551,10,3456
4552,10,3529
4553,10,3556
4554,10,3481
4555,10,5455
4556,10,6659
4557,10,6415
4558,10,6514
4559,10,3716
4560,10,3453
4561,10,3449
4562,10,3457
4563,10,3460
4564,10,3466
4565,10,3420
4566,10,3517
4567,10,3487
4568,10,8386
4569,10,3484
4570,10,3419
4571,10,3471
4572,10,3478
4573,10,3561
4574,10,3449
4575,10,3494
4576,10,3510
4577,10,3453
4578,10,3525
4579,10,3487
4580,10,3504
4581,10,3437
4582,10,3521
4583,10,3507
4584,10,3586
4585,10,3447
4586,10,3492
4587,10,3537
4588,10,3517
4589,10,3551
4590,10,3441
4591,10,3534
4592,10,3499
4593,10,3573
4594,10,3453
4595,10,3453
4596,10,3420
4597,10,3505
4598,10,3454
4599,10,3467
4600,10,3426
4601,10,3465
4602,10,3508
4603,10,3422
4604,10,3454
4605,10,3451
4606,10,3512
4607,10,3506
4608,10,3676
4609,10,3499
4610,10,3535
4611,10,3591
4612,10,3500
4613,10,3546
4614,10,3499
4615,10,3506
4616,10,3578
4617,10,3588
4618,10,3551
4619,10,3532
4620,10,3515
4621,10,3550
4622,10,3510
4623,10,3551
4624,10,3612
4625,10,3521
4626,10,3626
4627,10,3489
4628,10,3520
4629,10,3515
4630,10,3492
4631,10,3523
4632,10,3628
4633,10,3555
4634,10,3517
4635,10,3535
4636,10,3548
4637,10,3553
4638,10,3497
4639,10,3486
4640,10,3574
4641,10,3580
4642,10,3477
4643,10,3548
4644,10,3531
4645,10,3507
4646,10,3487
4647,10,3488
4648,10,3421
4649,10,3487
4650,10,3449
4651,10,3495
4652,10,3606
4653,10,3647
4654,10,3466
4655,10,3486
4656,10,3494
4657,10,3437
4658,10,3460
4659,10,3552
4660,10,3520
4661,10,3450
4662,10,3441
4663,10,3560
4664,10,3505
4665,10,3488
4666,10,3472
4667,10,3464
4668,10,3477
4669,10,3502
4670,10,3484
4671,10,3596
4672,10,3570
4673,10,3495
4674,10,3500
4675,10,3456
4676,10,3505
4677,10,3573
4678,10,5374
4679,10,5963
4680,10,6276
4681,10,6207
4682,10,6305
4683,10,5920
4684,10,5810
4685,10,6654
4686,10,5737
4687,10,6504
4688,10,3848
4689,10,3445
4690,10,3553
4691,10,3431
4692,10,3486
4693,10,3484
4694,10,3517
4695,10,3460
4696,10,3466
4697,10,3432
4698,10,3514
4699,10,3454
4700,10,3480
4701,10,3534
4702,10,3448
4703,10,3452
4704,10,3422
4705,10,3428
4706,10,3416
4707,10,3442
4708,10,3477
4709,10,3447
4710,10,3556
4711,10,3469
4712,10,3535
4713,10,3493
4714,10,3518
4715,10,3393
4716,10,3478
4717,10,3476
4718,10,3494
4719,10,3482
4720,10,3522
4721,10,3578
4722,10,3488
4723,10,3507
4724,10,3477
4725,10,3451
4726,10,3565
4727,10,3664
4728,10,3554
4729,10,3505
4730,10,3539
4731,10,3511
4732,10,3566
4733,10,3581
4734,10,3555
4735,10,3518
4736,10,3533
4737,10,3494
4738,10,3530
4739,10,3522
4740,10,3542
4741,10,3551
4742,10,3553
4743,10,3524
4744,10,3503
4745,10,3542
4746,10,3562
4747,10,3543
4748,10,3489
4749,10,3499
4750,10,3542
4751,10,3536
4752,10,3522
4753,10,3486
4754,10,3490
4755,10,3433
4756,10,3502
4757,10,3516
4758,10,3486
4759,10,3470
4760,10,3445
4761,10,3451
4762,10,3503
4763,10,3509
4764,10,3474
4765,10,3502
4766,10,3463
4767,10,3456
4768,10,3486
4769,10,3445
4770,10,3451
4771,10,3564
4772,10,3494
4773,10,3489
4774,10,3514
4775,10,3497
4776,10,3441
4777,10,3522
4778,10,3547
4779,10,3489
4780,10,3542
4781,10,3563
4782,10,3502
4783,10,3454
4784,10,3514
4785,10,3542
4786,10,3501
4787,10,3495
4788,10,3438
4789,10,3544
4790,10,3537
4791,10,3456
4792,10,3446
4793,10,3475
4794,10,3463
4795,10,3450
4796,10,3542
4797,10,3494
4798,10,3546
4799,10,3530
4800,10,3509
4801,10,3432
4802,10,3511
4803,10,3490
4804,10,3519
4805,10,3534
4806,10,3584
4807,10,3510
4808,10,3437
4809,10,3489
4810,10,3468
4811,10,3476
4812,10,3496
4813,10,3547
4814,10,3484
4815,10,3598
4816,10,3444
4817,10,3539
4818,10,3489
4819,10,3465
4820,10,3440
4821,10,3439
4822,10,3463
4823,10,3446
4824,10,3525
4825,10,5353
4826,10,5140
4827,10,5301
4828,10,6193
4829,10,6197
4830,10,6109
4831,10,5669
4832,10,3526
4833,10,3493
4834,10,3471
4835,10,3541
4836,10,3577
4837,10,3588
4838,10,6796
4839,10,3472
4840,10,3444
4841,10,3483
4842,10,3489
4843,10,3496
4844,10,3433
4845,10,3412
4846,10,3442
4847,10,3463
4848,10,3487
4849,10,3424
4850,10,3417
4851,10,3459
4852,10,3421
4853,10,3444
4854,10,3427
4855,10,3419
4856,10,3442
4857,10,3424
4858,10,3459
4859,10,3421
4860,10,3442
4861,10,3436
4862,10,3443
4863,10,3517
4864,10,3550
4865,10,3396
4866,10,3382
4867,10,3478
4868,10,3483
4869,10,3433
4870,10,3471
4871,10,3436
4872,10,3513
4873,10,3389
4874,10,3431
4875,10,3437
4876,10,3444
4877,10,3471
4878,10,3438
4879,10,3448
4880,10,3463
4881,10,3469
4882,10,3463
4883,10,3487
4884,10,3465
4885,10,3478
4886,10,3449
4887,10,3427
4888,10,3457
4889,10,3462
4890,10,3526
4891,10,3441
4892,10,3457
4893,10,3506
4894,10,3510
4895,10,3435
4896,10,3522
4897,10,3435
4898,10,3520
4899,10,3458
4900,10,3504
4901,10,3479
4902,10,3479
4903,10,3443
4904,10,3566
4905,10,3458
4906,10,3431
4907,10,3461
4908,10,3614
4909,10,3520
4910,10,3468
4911,10,3486
4912,10,3407
4913,10,3444
4914,10,3465
4915,10,3500
4916,10,3525
4917,10,3460
4918,10,3506
4919,10,3538
4920,10,3529
4921,10,3542
4922,10,3499
4923,10,3417
4924,10,3483
4925,10,3588
4926,10,3540
4927,10,3498
4928,10,3470
4929,10,3546
4930,10,3515
4931,10,3452
4932,10,3562
4933,10,3486
4934,10,3557
4935,10,3442
4936,10,3501
4937,10,3533
4938,10,3475
4939,10,3504
4940,10,3561
4941,10,3417
4942,10,3516
4943,10,3516
4944,10,3453
4945,10,3539
4946,10,3524
4947,10,3573
4948,10,3501
4949,10,3534
4950,10,3487
4951,10,3447
4952,10,3516
4953,10,3531
4954,10,3415
4955,10,3465
4956,10,3479
4957,10,3455
4958,10,3436
4959,10,3424
4960,10,3488
4961,10,3515
4962,10,3428
4963,10,3569
4964,10,3520
4965,10,3485
4966,10,3479
4967,10,3466
4968,10,3527
4969,10,3527
4970,10,3521
4971,10,3636
4972,10,3551
4973,10,3446
4974,10,3485
4975,10,3475
4976,10,3478
4977,10,3558
4978,10,3490
4979,10,3498
4980,10,3534
4981,10,3476
4982,10,3503
4983,10,3531
4984,10,3470
4985,10,3466
4986,10,3560
4987,10,3505
4988,10,3577
4989,10,3523
4990,10,3480
4991,10,3459
4992,10,3593
4993,10,3463
4994,10,3434
4995,10,3503
4996,10,3539
4997,10,3521
4998,10,3497
4999,10,3469
5000,10,3482
5001,10,3487
5002,10,3454
5003,10,3456
5004,10,3519
5005,10,3468
5006,10,3515
5007,10,3573
5008,10,3543
5009,10,3481
5010,10,3490
5011,10,3479
5012,10,3476
5013,10,3434
5014,10,3523
5015,10,3469
5016,10,3524
5017,10,3431
5018,10,3446
5019,10,3527
5020,10,3535
5021,10,3433
5022,10,3536
5023,10,3544
5024,10,3526
5025,10,3454
5026,10,3518
5027,10,3462
5028,10,3504
5029,10,3553
5030,10,3476
5031,10,3472
5032,10,3486
5033,10,3479
5034,10,3461
5035,10,3465
5036,10,3479
5037,10,3505
5038,10,3434
5039,10,3410
5040,10,3465
5041,10,3488
5042,10,3494
5043,10,3441
5044,10,3453
5045,10,3412
5046,10,3494
5047,10,3461
5048,10,3505
5049,10,3465
5050,10,3496
5051,10,3445
5052,10,3463
5053,10,3483
5054,10,3485
5055,10,3552
5056,10,3442
5057,10,3475
5058,10,3490
5059,10,3478
5060,10,3507
5061,10,3523
5062,10,3450
5063,10,3539
5064,10,3564
5065,10,3517
5066,10,3546
5067,10,3504
5068,10,3540
5069,10,3456
5070,10,3449
5071,10,3508
5072,10,3421
5073,10,3462
5074,10,3493
5075,10,3451
5076,10,3460
5077,10,3484
5078,10,3431
5079,10,3429
5080,10,3520
5081,10,3430
5082,10,3488
5083,10,3504
5084,10,3518
5085,10,3680
5086,10,3522
5087,10,3494
5088,10,3563
5089,10,3471
5090,10,3472
5091,10,3508
5092,10,3559
5093,10,3467
5094,10,3505
5095,10,3466
5096,10,3510
5097,10,3535
5098,10,3489
5099,10,3488
5100,10,3558
5101,10,3490
5102,10,3428
5103,10,3467
5104,10,3513
5105,10,3507
5106,10,3484
5107,10,3551
5108,10,3606
5109,10,3509
5110,10,3466
5111,10,3522
5112,10,3494
5113,10,3488
5114,10,3551
5115,10,3461
5116,10,3529
5117,10,3472
5118,10,3509
5119,10,3480
5120,10,3531
5121,10,3503
5122,10,5814
5123,10,3405
5124,10,3404
5125,10,3447
5126,10,3454
5127,10,3470
5128,10,3522
5129,10,3434
5130,10,3445
5131,10,3442
5132,10,3428
5133,10,3468
5134,10,3504
5135,10,3515
5136,10,3499
5137,10,3521
5138,10,3517
5139,10,3529
5140,10,3502
5141,10,3408
5142,10,3448
5143,10,3461
5144,10,3495
5145,10,3474
5146,10,3479
5147,10,3483
5148,10,3548
5149,10,3483
5150,10,3434
5151,10,3528
5152,10,3429
5153,10,3521
5154,10,4059
5155,10,3602
5156,10,3530
5157,10,3432
5158,10,3502
5159,10,3484
5160,10,3484
5161,10,3455
5162,10,3450
5163,10,3470
5164,10,3470
5165,10,3501
5166,10,3451
5167,10,3440
5168,10,3465
5169,10,3516
5170,10,3458
5171,10,3465
5172,10,3487
5173,10,3479
5174,10,3461
5175,10,3562
5176,10,3590
5177,10,3517
5178,10,3481
5179,10,3462
5180,10,3500
5181,10,3491
5182,10,3497
5183,10,3417
5184,10,3547
5185,10,3474
5186,10,3418
5187,10,3455
5188,10,3572
5189,10,3475
5190,10,3491
5191,10,3473
5192,10,3467
5193,10,3511
5194,10,3474
5195,10,3457
5196,10,3447
5197,10,3466
5198,10,3473
5199,10,3447
5200,10,3416
5201,10,3491
5202,10,3449
5203,10,3513
5204,10,3485
5205,10,3526
5206,10,3449
5207,10,3521
5208,10,3468
5209,10,3455
5210,10,3529
5211,10,3497
5212,10,3475
5213,10,3451
5214,10,3456
5215,10,3419
5216,10,3480
5217,10,3527
5218,10,3425
5219,10,3541
5220,10,3438
5221,10,3457
5222,10,3476
5223,10,3463
5224,10,3500
5225,10,3500
5226,10,3510
5227,10,3470
5228,10,3442
5229,10,3549
5230,10,3475
5231,10,3447
5232,10,3482
5233,10,3481
5234,10,3461
5235,10,3551
5236,10,3449
5237,10,3512
5238,10,3429
5239,10,3454
5240,10,3430
5241,10,3461
5242,10,3488
5243,10,3503
5244,10,3481
5245,10,3510
5246,10,3520
5247,10,3430
5248,10,3526
5249,10,3530
5250,10,3553
5251,10,3499
5252,10,3493
5253,10,3469
5254,10,3444
5255,10,3474
5256,10,3454
5257,10,3488
5258,10,3459
5259,10,3433
5260,10,3467
5261,10,3452
5262,10,3503
5263,10,3431
5264,10,3548
5265,10,3488
5266,10,3486
5267,10,3495
5268,10,3533
5269,10,3507
5270,10,3525
5271,10,3475
5272,10,3477
5273,10,3531
5274,10,3436
5275,10,3444
5276,10,3442
5277,10,3456
5278,10,3546
5279,10,3423
5280,10,3424
5281,10,3460
5282,10,3523
5283,10,3437
5284,10,3497
5285,10,3427
5286,10,3469
5287,10,3480
5288,10,3464
5289,10,3622
5290,10,3441
5291,10,3464
5292,10,3488
5293,10,3464
5294,10,3484
5295,10,3459
5296,10,3464
5297,10,3440
5298,10,3437
5299,10,3470
5300,10,3491
5301,10,3494
5302,10,3513
5303,10,3454
5304,10,3467
5305,10,3443
5306,10,3488
5307,10,3472
5308,10,3464
5309,10,3443
5310,10,3518
5311,10,3447
5312,10,3509
5313,10,3490
5314,10,3426
5315,10,3489
5316,10,3459
5317,10,3429
5318,10,3457
5319,10,3518
5320,10,3475
5321,10,3451
5322,10,3425
5323,10,3450
5324,10,3465
5325,10,3528
5326,10,3499
5327,10,3536
5328,10,3453
5329,10,3509
5330,10,3431
5331,10,3435
5332,10,3413
5333,10,3479
5334,10,3450
5335,10,3501
5336,10,3503
5337,10,3502
5338,10,3493
5339,10,3478
5340,10,3457
5341,10,3505
5342,10,3522
5343,10,3469
5344,10,3476
5345,10,3408
5346,10,3439
5347,10,3404
5348,10,3495
5349,10,3482
5350,10,3482
5351,10,3504
5352,10,3475
5353,10,3419
5354,10,3479
5355,10,3481
5356,10,3410
5357,10,3458
5358,10,3492
5359,10,3448
5360,10,3506
5361,10,3465
5362,10,3511
5363,10,3465
5364,10,3466
5365,10,3468
5366,10,3555
5367,10,3527
5368,10,3497
5369,10,3490
5370,10,3490
5371,10,3515
5372,10,3527
5373,10,3437
5374,10,3505
5375,10,3467
5376,10,3503
5377,10,3493
5378,10,3482
5379,10,3522
5380,10,3523
5381,10,3427
5382,10,3421
5383,10,3450
5384,10,3451
5385,10,3434
5386,10,3498
5387,10,3534
5388,10,3407
5389,10,3471
5390,10,3435
5391,10,3424
5392,10,3448
5393,10,3415
5394,10,3510
5395,10,3490
5396,10,3436
5397,10,3536
5398,10,3483
5399,10,3459
5400,10,3520
5401,10,3433
5402,10,3474
5403,10,3479
5404,10,3474
5405,10,3461
5406,10,6864
5407,10,3486
5408,10,3667
5409,10,3553
5410,10,3454
5411,10,3424
5412,10,3498
5413,10,3476
5414,10,3495
5415,10,3433
5416,10,3453
5417,10,3519
5418,10,3505
5419,10,3467
5420,10,3486
5421,10,3467
5422,10,3532
5423,10,3437
5424,10,3517
5425,10,3416
5426,10,3526
5427,10,3430
5428,10,3510
5429,10,3407
5430,10,3444
5431,10,3453
5432,10,3471
5433,10,3520
5434,10,3537
5435,10,3484
5436,10,3541
5437,10,3469
5438,10,3470
5439,10,3461
5440,10,3504
5441,10,3408
5442,10,3486
5443,10,3563
5444,10,3456
5445,10,3443
5446,10,3506
5447,10,3482
5448,10,3473
5449,10,3469
5450,10,3576
5451,10,3459
5452,10,3452
5453,10,3512
5454,10,3438
5455,10,3489
5456,10,3523
5457,10,3596
5458,10,3489
5459,10,3446
5460,10,3563
5461,10,3453
5462,10,3432
5463,10,3418
5464,10,3440
5465,10,3529
5466,10,3435
5467,10,3410
5468,10,3479
5469,10,3560
5470,10,3464
5471,10,3498
5472,10,3414
5473,10,3480
5474,10,3485
5475,10,3516
5476,10,3481
5477,10,3429
5478,10,3541
5479,10,3493
5480,10,3442
5481,10,3439
5482,10,3535
5483,10,3504
5484,10,3474
5485,10,3457
5486,10,3493
5487,10,3400
5488,10,3484
5489,10,3485
5490,10,3478
5491,10,3530
5492,10,3472
5493,10,3431
5494,10,3478
5495,10,3435
5496,10,3472
5497,10,3451
5498,10,3433
5499,10,3483
5500,10,3543
5501,10,3491
5502,10,3484
5503,10,3476
5504,10,3464
5505,10,3467
5506,10,3481
5507,10,3438
5508,10,3411
5509,10,3493
5510,10,3519
5511,10,3416
5512,10,3457
5513,10,3410
5514,10,3434
5515,10,3442
5516,10,3443
5517,10,3408
5518,10,3478
5519,10,3439
5520,10,3422
5521,10,3471
5522,10,3516
5523,10,3481
5524,10,3486
5525,10,3408
5526,10,3526
5527,10,3485
5528,10,3472
5529,10,3514
5530,10,3480
5531,10,3535
5532,10,3435
5533,10,3473
5534,10,3410
5535,10,3437
5536,10,3514
5537,10,3462
5538,10,3481
5539,10,3423
5540,10,3443
5541,10,3411
5542,10,3406
5543,10,3491
5544,10,3541
5545,10,3504
5546,10,3567
5547,10,3506
5548,10,3413
5549,10,3421
5550,10,3448
5551,10,3438
5552,10,3509
5553,10,3498
5554,10,3479
5555,10,3416
5556,10,3435
5557,10,3539
5558,10,3455
5559,10,3440
5560,10,3458
5561,10,3429
5562,10,3428
5563,10,3461
5564,10,3511
5565,10,3564
5566,10,3456
5567,10,3502
5568,10,3461
5569,10,3451
5570,10,3487
5571,10,3526
5572,10,3495
5573,10,3568
5574,10,3477
5575,10,3443
5576,10,3446
5577,10,3400
5578,10,3449
5579,10,3428
5580,10,3505
5581,10,3432
5582,10,3420
5583,10,3447
5584,10,3454
5585,10,3409
5586,10,3450
5587,10,3434
5588,10,3531
5589,10,3483
5590,10,3480
5591,10,3475
5592,10,3499
5593,10,3518
5594,10,3481
5595,10,3484
5596,10,3525
5597,10,3400
5598,10,3487
5599,10,3463
5600,10,3450
5601,10,3434
5602,10,3883
5603,10,5648
5604,10,4875
5605,10,4839
5606,10,4868
5607,10,5313
5608,10,4981
5609,10,3450
5610,10,3452
5611,10,3429
5612,10,3450
5613,10,3533
5614,10,3424
5615,10,3462
5616,10,3474
5617,10,3448
5618,10,3497
5619,10,3433
5620,10,3462
5621,10,3466
5622,10,3425
5623,10,3412
5624,10,3416
5625,10,3402
5626,10,3456
5627,10,3478
5628,10,3455
5629,10,3423
5630,10,3395
5631,10,3460
5632,10,3449
5633,10,3498
5634,10,3573
5635,10,3497
5636,10,3449
5637,10,3451
5638,10,3468
5639,10,3457
5640,10,3481
5641,10,3455
5642,10,3435
5643,10,3490
5644,10,3458
5645,10,5201
5646,10,5762
5647,10,3476
5648,10,5510
5649,10,4501
5650,10,3504
5651,10,3448
5652,10,3512
5653,10,3448
5654,10,3435
5655,10,3406
5656,10,3407
5657,10,3520
5658,10,3536
5659,10,3510
5660,10,3445
5661,10,3468
5662,10,3447
5663,10,3493
5664,10,3445
5665,10,3392
5666,10,3489
5667,10,3412
5668,10,3431
5669,10,3474
5670,10,3472
5671,10,3481
5672,10,3468
5673,10,3454
5674,10,3450
5675,10,3482
5676,10,3467
5677,10,3411
5678,10,3512
5679,10,3433
5680,10,3445
5681,10,3586
5682,10,3464
5683,10,3462
5684,10,3445
5685,10,3531
5686,10,3477
5687,10,5636
5688,10,3401
5689,10,3477
5690,10,3457
5691,10,3420
5692,10,3424
5693,10,3447
5694,10,3432
5695,10,3446
5696,10,3439
5697,10,3573
5698,10,3420
5699,10,3470
5700,10,3437
5701,10,3434
5702,10,3388
5703,10,3519
5704,10,3425
5705,10,3388
5706,10,3413
5707,10,3395
5708,10,3394
5709,10,3524
5710,10,3466
5711,10,3669
5712,10,3662
5713,10,3441
5714,10,3511
5715,10,3458
5716,10,3433
5717,10,3462
5718,10,3399
5719,10,3476
5720,10,3421
5721,10,3453
5722,10,3444
5723,10,3516
5724,10,3579
5725,10,3449
5726,10,3431
5727,10,3403
5728,10,3448
5729,10,3472
5730,10,3401
5731,10,3523
5732,10,3458
5733,10,3448
5734,10,3399
5735,10,3444
5736,10,3473
5737,10,3499
5738,10,3609
5739,10,3434
5740,10,3468
5741,10,3451
5742,10,3436
5743,10,3443
5744,10,3509
5745,10,3432
5746,10,3531
5747,10,3455
5748,10,3491
5749,10,3470
5750,10,3453
5751,10,3528
5752,10,3445
5753,10,3484
5754,10,3394
5755,10,3536
5756,10,3443
5757,10,3486
5758,10,3475
5759,10,3552
5760,10,3433
5761,10,3397
5762,10,3443
5763,10,3495
5764,10,3517
5765,10,3484
5766,10,3504
5767,10,3436
5768,10,3459
5769,10,3479
5770,10,3494
5771,10,3440
5772,10,3436
5773,10,3434
5774,10,3507
5775,10,3425
5776,10,3444
5777,10,3428
5778,10,3433
5779,10,3472
5780,10,3488
5781,10,3455
5782,10,3431
5783,10,3497
5784,10,3516
5785,10,3428
5786,10,3499
5787,10,3781
5788,10,3597
5789,10,3450
5790,10,3501
5791,10,3457
5792,10,3391
5793,10,3413
5794,10,3467
5795,10,3477
5796,10,3514
5797,10,3386
5798,10,3559
5799,10,3402
5800,10,3440
5801,10,3428
5802,10,3465
5803,10,3475
5804,10,3403
5805,10,3485
5806,10,3529
5807,10,3434
5808,10,3409
5809,10,3406
5810,10,3459
5811,10,3448
5812,10,3377
5813,10,3492
5814,10,3426
5815,10,3369
5816,10,3398
5817,10,3399
5818,10,3552
5819,10,3442
5820,10,3444
5821,10,3505
5822,10,3430
5823,10,3462
5824,10,3501
5825,10,3456
5826,10,3441
5827,10,3418
5828,10,3423
5829,10,3482
5830,10,3437
5831,10,3467
5832,10,3453
5833,10,3427
5834,10,3544
5835,10,3473
5836,10,3527
5837,10,3516
5838,10,3400
5839,10,3661
5840,10,3487
5841,10,3476
5842,10,3417
5843,10,3435
5844,10,3441
5845,10,3476
5846,10,3409
5847,10,3428
5848,10,3385
5849,10,3400
5850,10,3616
5851,10,3470
5852,10,3453
5853,10,3521
5854,10,3390
5855,10,3410
5856,10,3375
5857,10,3389
5858,10,3374
5859,10,3422
5860,10,3405
5861,10,3413
5862,10,3441
5863,10,3396
5864,10,3405
5865,10,3437
5866,10,3557
5867,10,3501
5868,10,3486
5869,10,3485
5870,10,3447
5871,10,3454
5872,10,3506
5873,10,3467
5874,10,3495
5875,10,3517
5876,10,3509
5877,10,3482
5878,10,3449
5879,10,3621
5880,10,3519
5881,10,3465
5882,10,3466
5883,10,3491
5884,10,3601
5885,10,3394
5886,10,3527
5887,10,3457
5888,10,3485
5889,10,3386
5890,10,3442
5891,10,3376
5892,10,3427
5893,10,3385
5894,10,3443
5895,10,3447
5896,10,3397
5897,10,3407
5898,10,3469
5899,10,3455
5900,10,3423
5901,10,3409
5902,10,3501
5903,10,3463
5904,10,3419
5905,10,3432
5906,10,3468
5907,10,3471
5908,10,3556
5909,10,3459
5910,10,3428
5911,10,3477
5912,10,3581
5913,10,3472
5914,10,3466
5915,10,3473
5916,10,3550
5917,10,3512
5918,10,3530
5919,10,3448
5920,10,3479
5921,10,3511
5922,10,3457
5923,10,3396
5924,10,3458
5925,10,3437
5926,10,3483
5927,10,3446
5928,10,3437
5929,10,3533
5930,10,3497
5931,10,3494
5932,10,3500
5933,10,3405
5934,10,3493
5935,10,3405
5936,10,3449
5937,10,3430
5938,10,3487
5939,10,3419
5940,10,3471
5941,10,3460
5942,10,3451
5943,10,3494
5944,10,3494
5945,10,3467
5946,10,3510
5947,10,3403
5948,10,3417
5949,10,3502
5950,10,3455
5951,10,3443
5952,10,3488
5953,10,3502
5954,10,3572
5955,10,3550
5956,10,3460
5957,10,3508
5958,10,3493
5959,10,3440
5960,10,3410
5961,10,3436
5962,10,3464
5963,10,3485
5964,10,3520
5965,10,3490
5966,10,3445
5967,10,3408
5968,10,3398
5969,10,3547
5970,10,3563
5971,10,3527
5972,10,3557
5973,10,7145
5974,10,3614
5975,10,3418
5976,10,3530
5977,10,3386
5978,10,3457
5979,10,3444
5980,10,3488
5981,10,3378
5982,10,3732
5983,10,3495
5984,10,3469
5985,10,3403
5986,10,3419
5987,10,3488
5988,10,3456
5989,10,3504
5990,10,3481
5991,10,3367
5992,10,3389
5993,10,3425
5994,10,4474
5995,10,2988
5996,10,3023
5997,10,3046
5998,10,2995
5999,10,3007
6000,10,3036
6001,10,3020
6002,10,2992
6003,10,2975
6004,10,2975
6005,10,3029
6006,10,2996
6007,10,3087
6008,10,3121
6009,10,3039
6010,10,2988
6011,10,3023
6012,10,3019
6013,10,3040
6014,10,2943
6015,10,3002
6016,10,2984
6017,10,3117
6018,10,3081
6019,10,3043
6020,10,3094
6021,10,3099
6022,10,2975
6023,10,3004
6024,10,2957
6025,10,3078
6026,10,3007
6027,10,2995
6028,10,2966
6029,10,2970
6030,10,2949
6031,10,2989
6032,10,2962
6033,10,2982
6034,10,2989
6035,10,2968
6036,10,2998
6037,10,2981
6038,10,3017
6039,10,3006
6040,10,3100
6041,10,3105
6042,10,2991
6043,10,2980
6044,10,3058
6045,10,3030
6046,10,3106
6047,10,3057
6048,10,3056
6049,10,2977
6050,10,3000
6051,10,3032
6052,10,3056
6053,10,3018
6054,10,2992
6055,10,2994
6056,10,3039
6057,10,3026
6058,10,3033
6059,10,3075
6060,10,2991
6061,10,3046
6062,10,3043
6063,10,3040
6064,10,2969
6065,10,3045
6066,10,3050
6067,10,3127
6068,10,3034
6069,10,3044
6070,10,3028
6071,10,3013
6072,10,3010
6073,10,3007
6074,10,3048
6075,10,3003
6076,10,2967
6077,10,3008
6078,10,2948
6079,10,2991
6080,10,3000
6081,10,3003
6082,10,2957
6083,10,2985
6084,10,2952
6085,10,2950
6086,10,2967
6087,10,3057
6088,10,2966
6089,10,2971
6090,10,2954
6091,10,2988
6092,10,2963
6093,10,2983
6094,10,3004
6095,10,2981
6096,10,3011
6097,10,2947
6098,10,2998
6099,10,3042
6100,10,2955
6101,10,3098
6102,10,3014
6103,10,3061
6104,10,3001
6105,10,2976
6106,10,2997
6107,10,2970
6108,10,2947
6109,10,2969
6110,10,2957
6111,10,3008
6112,10,2981
6113,10,3022
6114,10,3046
6115,10,3052
6116,10,2961
6117,10,3044
6118,10,3068
6119,10,3024
6120,10,2945
6121,10,3007
6122,10,3068
6123,10,2985
6124,10,3015
6125,10,3000
6126,10,2977
6127,10,2943
6128,10,2960
6129,10,2983
6130,10,2990
6131,10,2980
6132,10,2950
6133,10,2984
6134,10,2983
6135,10,3003
6136,10,2959
6137,10,3045
6138,10,2984
6139,10,3008
6140,10,2983
6141,10,2949
6142,10,2996
6143,10,3007
6144,10,3075
6145,10,3098
6146,10,2953
6147,10,2951
6148,10,2945
6149,10,3005
6150,10,3009
6151,10,2958
6152,10,3023
6153,10,2960
6154,10,2968
6155,10,3009
6156,10,3006
6157,10,3016
6158,10,2976
6159,10,3024
6160,10,2972
6161,10,3014
6162,10,3047
6163,10,2995
6164,10,3041
6165,10,3012
6166,10,2978
6167,10,3048
6168,10,2983
6169,10,3081
6170,10,2976
6171,10,3039
6172,10,3008
6173,10,3027
6174,10,3029
6175,10,3003
6176,10,3017
6177,10,2990
6178,10,3003
6179,10,3014
6180,10,2988
6181,10,2961
6182,10,3058
6183,10,3005
6184,10,3027
6185,10,3036
6186,10,3090
6187,10,3012
6188,10,2985
6189,10,3028
6190,10,3017
6191,10,3020
6192,10,2971
6193,10,3013
6194,10,2984
6195,10,3002
6196,10,2997
6197,10,2995
6198,10,2968
6199,10,3019
6200,10,2984
6201,10,4448
6202,10,3208
6203,10,3172
6204,10,3139
6205,10,3197
6206,10,3121
6207,10,3231
6208,10,3145
6209,10,3208
6210,10,3130
6211,10,3148
6212,10,3175
6213,10,3199
6214,10,3148
6215,10,3143
6216,10,3114
6217,10,3157
6218,10,3172
6219,10,3122
6220,10,3212
6221,10,3218
6222,10,3225
6223,10,3241
6224,10,3247
6225,10,3156
6226,10,3180
6227,10,3125
6228,10,3142
6229,10,3119
6230,10,3084
6231,10,3148
6232,10,3113
6233,10,3108
6234,10,3175
6235,10,3196
6236,10,3107
6237,10,3110
6238,10,3117
6239,10,3140
6240,10,3106
6241,10,3135
6242,10,3113
6243,10,3123
6244,10,3099
6245,10,3141
6246,10,3090
6247,10,3118
6248,10,3195
6249,10,3143
6250,10,3183
6251,10,3240
6252,10,3168
6253,10,3132
6254,10,3119
6255,10,3127
6256,10,3116
6257,10,3113
6258,10,3079
6259,10,3204
6260,10,3127
6261,10,3108
6262,10,3085
6263,10,3168
6264,10,3210
6265,10,3252
6266,10,3243
6267,10,3185
6268,10,3226
6269,10,3246
6270,10,3196
6271,10,3197
6272,10,3165
6273,10,3217
6274,10,3177
6275,10,3142
6276,10,3129
6277,10,3122
6278,10,3111
6279,10,3139
6280,10,3075
6281,10,3155
6282,10,3128
6283,10,3128
6284,10,3174
6285,10,3150
6286,10,3184
6287,10,3163
6288,10,3157
6289,10,3197
6290,10,3169
6291,10,3134
6292,10,3113
6293,10,6619
6294,10,3184
6295,10,3071
6296,10,3104
6297,10,3152
6298,10,3082
6299,10,3262
6300,10,3176
6301,10,3160
6302,10,3225
6303,10,3246
6304,10,4497
6305,10,3409
6306,10,3503
6307,10,3396
6308,10,3497
6309,10,3463
6310,10,3488
6311,10,3459
6312,10,3464
6313,10,3544
6314,10,3454
6315,10,3449
6316,10,3468
6317,10,3493
6318,10,3501
6319,10,3501
6320,10,3446
6321,10,3454
6322,10,3444
6323,10,3433
6324,10,3599
6325,10,3441
6326,10,3492
6327,10,3477
6328,10,3479
6329,10,3458
6330,10,3578
6331,10,3438
6332,10,3471
6333,10,3464
6334,10,3494
6335,10,3520
6336,10,3555
6337,10,3489
6338,10,3515
6339,10,3417
6340,10,3405
6341,10,3446
6342,10,3466
6343,10,3478
6344,10,3551
6345,10,3535
6346,10,3426
6347,10,3491
6348,10,3385
6349,10,3366
6350,10,3494
6351,10,3535
6352,10,3466
6353,10,3518
6354,10,3523
6355,10,3494
6356,10,3548
6357,10,3519
6358,10,3393
6359,10,3419
6360,10,3519
6361,10,3434
6362,10,3393
6363,10,3452
6364,10,3439
6365,10,3479
6366,10,3489
6367,10,3504
6368,10,3463
6369,10,3421
6370,10,3546
6371,10,3465
6372,10,3393
6373,10,3477
6374,10,3495
6375,10,3417
6376,10,3490
6377,10,3467
6378,10,3450
6379,10,3403
6380,10,3503
6381,10,3460
6382,10,3570
6383,10,3590
6384,10,3494
6385,10,3479
6386,10,3417
6387,10,3435
6388,10,3503
6389,10,3535
6390,10,3523
6391,10,3461
6392,10,3496
6393,10,3452
6394,10,3412
6395,10,3402
6396,10,3419
6397,10,3379
6398,10,3475
6399,10,3433
6400,10,3431
6401,10,3474
6402,10,3437
6403,10,3405
6404,10,3424
6405,10,3423
6406,10,3442
6407,10,3436
6408,10,3430
6409,10,3416
6410,10,3452
6411,10,3415
6412,10,3385
6413,10,3463
6414,10,3479
6415,10,3506
6416,10,3536
6417,10,3547
6418,10,3397
6419,10,3482
6420,10,3417
6421,10,8386
6422,10,3461
6423,10,3504
6424,10,3504
6425,10,3535
6426,10,3480
6427,10,3514
6428,10,3646
6429,10,3580
6430,10,3585
6431,10,3444
6432,10,3541
6433,10,3512
6434,10,3469
6435,10,3491
6436,10,3437
6437,10,3375
6438,10,3383
6439,10,3490
6440,10,3432
6441,10,3505
6442,10,3408
6443,10,3409
6444,10,3440
6445,10,3602
6446,10,3523
6447,10,3429
6448,10,3551
6449,10,3529
6450,10,3596
6451,10,3513
6452,10,3472
6453,10,3496
6454,10,3463
6455,10,3474
6456,10,3508
6457,10,3474
6458,10,3460
6459,10,3438
6460,10,3495
6461,10,3417
6462,10,3488
6463,10,3454
6464,10,3479
6465,10,3404
6466,10,3451
6467,10,3513
6468,10,3472
6469,10,3497
6470,10,3574
6471,10,3444
6472,10,3386
6473,10,3425
6474,10,3401
6475,10,3419
6476,10,3410
6477,10,3579
6478,10,3427
6479,10,3526
6480,10,3431
6481,10,3416
6482,10,3475
6483,10,3475
6484,10,3491
6485,10,3526
6486,10,3544
6487,10,3436
6488,10,3467
6489,10,3453
6490,10,3450
6491,10,3460
6492,10,3418
6493,10,3472
6494,10,3441
6495,10,3436
6496,10,3418
6497,10,3458
6498,10,3486
6499,10,3530
6500,10,3390
6501,10,3531
6502,10,3511
6503,10,3497
6504,10,3469
6505,10,3422
6506,10,3512
6507,10,3513
6508,10,3442
6509,10,3430
6510,10,3491
6511,10,3463
6512,10,3541
6513,10,3488
6514,10,3450
6515,10,3533
6516,10,3476
6517,10,3417
6518,10,3447
6519,10,3398
6520,10,3482
6521,10,3469
6522,10,3499
6523,10,3548
6524,10,3595
6525,10,3531
6526,10,3382
6527,10,3408
6528,10,3394
6529,10,3426
6530,10,3430
6531,10,3492
6532,10,3503
6533,10,3509
6534,10,3553
6535,10,3516
6536,10,3463
6537,10,3437
6538,10,3485
6539,10,3555
6540,10,3458
6541,10,3586
6542,10,3521
6543,10,3432
6544,10,3471
6545,10,3527
6546,10,3498
6547,10,3468
6548,10,3447
6549,10,3459
6550,10,3408
6551,10,3473
6552,10,3412
6553,10,3436
6554,10,3479
6555,10,3425
6556,10,3618
6557,10,3482
6558,10,3484
6559,10,3483
6560,10,3552
6561,10,3469
6562,10,3450
6563,10,3416
6564,10,3490
6565,10,3423
6566,10,3537
6567,10,3499
6568,10,3491
6569,10,3398
6570,10,3449
6571,10,3513
6572,10,3422
6573,10,3404
6574,10,3483
6575,10,3485
6576,10,3492
6577,10,6994
6578,10,3721
6579,10,3661
6580,10,3491
6581,10,3386
6582,10,3421
6583,10,3393
6584,10,3436
6585,10,3562
6586,10,3514
6587,10,3543
6588,10,3433
6589,10,3462
6590,10,3439
6591,10,3477
6592,10,3480
6593,10,3463
6594,10,3462
6595,10,3437
6596,10,3532
6597,10,4492
6598,10,3042
6599,10,3053
6600,10,3066
6601,10,3013
6602,10,3085
6603,10,3041
6604,10,3029
6605,10,3154
6606,10,3086
6607,10,3052
6608,10,3151
6609,10,3154
6610,10,3066
6611,10,3113
6612,10,3100
6613,10,3045
6614,10,3076
6615,10,3173
6616,10,3131
6617,10,3112
6618,10,3170
6619,10,3117
6620,10,3140
6621,10,3130
6622,10,3063
6623,10,3129
6624,10,3049
6625,10,3082
6626,10,3065
6627,10,3089
6628,10,3057
6629,10,3033
6630,10,3051
6631,10,3055
6632,10,3053
6633,10,3147
6634,10,3123
6635,10,3089
6636,10,3047
6637,10,3044
6638,10,3066
6639,10,3029
6640,10,3044
6641,10,3083
6642,10,3075
6643,10,3049
6644,10,3057
6645,10,3021
6646,10,3102
6647,10,3028
6648,10,3056
6649,10,3077
6650,10,3077
6651,10,3085
6652,10,3149
6653,10,3055
6654,10,3069
6655,10,3051
6656,10,3092
6657,10,3119
6658,10,3182
6659,10,3138
6660,10,3242
6661,10,3147
6662,10,3274
6663,10,3111
6664,10,3130
6665,10,3106
6666,10,3138
6667,10,3186
6668,10,3087
6669,10,3186
6670,10,3174
6671,10,3157
6672,10,3203
6673,10,3157
6674,10,3168
6675,10,3084
6676,10,3163
6677,10,3126
6678,10,3127
6679,10,3122
6680,10,3097
6681,10,3107
6682,10,3195
6683,10,3144
6684,10,3188
6685,10,3067
6686,10,3202
6687,10,3135
6688,10,3216
6689,10,3196
6690,10,3166
6691,10,3147
6692,10,3129
6693,10,3158
6694,10,3144
6695,10,3080
6696,10,3061
6697,10,3118
6698,10,3145
6699,10,3160
6700,10,3215
6701,10,3239
6702,10,3172
6703,10,3163
6704,10,3154
6705,10,3136
6706,10,3131
6707,10,3152
6708,10,3149
6709,10,3075
6710,10,3133
6711,10,3088
6712,10,3099
6713,10,3064
6714,10,3135
6715,10,3052
6716,10,3098
6717,10,3083
6718,10,3114
6719,10,3104
6720,10,3413
6721,10,3209
6722,10,3186
6723,10,3096
6724,10,3098
6725,10,3091
6726,10,3141
6727,10,3195
6728,10,3072
6729,10,3115
6730,10,3086
6731,10,3095
6732,10,3129
6733,10,3082
6734,10,3128
6735,10,3109
6736,10,3107
6737,10,3147
6738,10,3115
6739,10,3173
6740,10,3122
6741,10,3175
6742,10,3123
6743,10,3142
6744,10,3160
6745,10,3140
6746,10,3118
6747,10,3156
6748,10,3128
6749,10,3162
6750,10,3100
6751,10,3068
6752,10,3195
6753,10,3171
6754,10,3061
6755,10,3085
6756,10,3049
6757,10,3108
6758,10,3065
6759,10,3184
6760,10,3183
6761,10,3115
6762,10,3122
6763,10,3060
6764,10,3083
6765,10,3146
6766,10,3118
6767,10,3031
6768,10,3149
6769,10,3105
6770,10,3205
6771,10,3139
6772,10,3217
6773,10,3210
6774,10,3135
6775,10,3057
6776,10,3099
6777,10,3193
6778,10,3137
6779,10,3117
6780,10,3092
6781,10,3117
6782,10,3077
6783,10,3029
6784,10,3094
6785,10,3073
6786,10,3118
6787,10,3231
6788,10,3123
6789,10,3106
6790,10,3117
6791,10,3185
6792,10,3165
6793,10,3160
6794,10,3050
6795,10,3196
6796,10,3066
6797,10,3086
6798,10,3087
6799,10,3140
6800,10,3082
6801,10,3156
6802,10,3061
6803,10,3073
6804,10,3065
6805,10,3085
6806,10,3106
6807,10,3071
6808,10,3131
6809,10,3188
6810,10,3115
6811,10,3099
6812,10,3112
6813,10,3113
6814,10,3054
6815,10,3100
6816,10,3137
6817,10,3140
6818,10,3070
6819,10,3044
6820,10,3095
6821,10,3078
6822,10,3144
6823,10,3112
6824,10,3210
6825,10,3140
6826,10,3123
6827,10,3134
6828,10,3156
6829,10,3158
6830,10,3116
6831,10,3104
6832,10,3041
6833,10,5108
6834,10,3647
6835,10,3668
6836,10,3657
6837,10,3617
6838,10,3663
6839,10,3720
6840,10,3721
6841,10,3683
6842,10,3580
6843,10,3708
6844,10,3561
6845,10,3673
6846,10,3702
6847,10,3682
6848,10,3721
6849,10,3724
6850,10,3725
6851,10,3694
6852,10,3583
6853,10,3682
6854,10,3733
6855,10,3850
6856,10,3706
6857,10,3710
6858,10,3705
6859,10,3684
6860,10,3656
6861,10,3609
6862,10,3669
6863,10,3719
6864,10,3708
6865,10,3617
6866,10,3677
6867,10,3689
6868,10,3737
6869,10,3725
6870,10,3607
6871,10,3600
6872,10,3670
6873,10,3661
6874,10,3678
6875,10,3666
6876,10,3724
6877,10,3636
6878,10,3687
6879,10,3704
6880,10,3738
6881,10,3727
6882,10,6173
6883,10,4811
6884,10,3563
6885,10,3627
6886,10,3596
6887,10,3651
6888,10,3662
6889,10,3631
6890,10,3567
6891,10,3580
6892,10,3578
6893,10,3614
6894,10,3639
6895,10,3682
6896,10,3739
6897,10,3735
6898,10,3576
6899,10,3600
6900,10,3608
6901,10,3601
6902,10,3601
6903,10,3572
6904,10,3597
6905,10,3628
6906,10,3670
6907,10,3678
6908,10,3639
6909,10,3595
6910,10,3667
6911,10,3803
6912,10,3708
6913,10,3628
6914,10,3702
6915,10,3609
6916,10,3591
6917,10,3563
6918,10,3588
6919,10,3608
6920,10,3599
6921,10,3596
6922,10,3664
6923,10,3629
6924,10,3644
6925,10,3548
6926,10,3600
6927,10,3625
6928,10,3656
6929,10,3685
6930,10,3695
6931,10,3710
6932,10,3671
6933,10,3688
6934,10,3589
6935,10,3610
6936,10,3730
6937,10,3628
6938,10,3722
6939,10,3609
6940,10,3651
6941,10,3636
6942,10,3645
6943,10,3756
6944,10,3663
6945,10,3699
6946,10,3667
6947,10,3658
6948,10,3584
6949,10,3612
6950,10,3602
6951,10,3592
6952,10,3642
6953,10,3683
6954,10,3677
6955,10,3674
6956,10,3645
6957,10,3611
6958,10,3687
6959,10,3635
6960,10,3706
6961,10,3689
6962,10,3656
6963,10,3725
6964,10,3588
6965,10,3641
6966,10,3596
6967,10,3679
6968,10,3672
6969,10,3681
6970,10,3558
6971,10,3594
6972,10,3627
6973,10,3675
6974,10,3718
6975,10,3655
6976,10,3798
6977,10,3592
6978,10,3632
6979,10,3701
6980,10,3659
6981,10,3724
6982,10,3664
6983,10,3637
6984,10,3726
6985,10,3656
6986,10,3683
6987,10,3626
6988,10,3572
6989,10,3640
6990,10,3608
6991,10,3612
6992,10,3629
6993,10,3730
6994,10,3664
6995,10,3622
6996,10,3657
6997,10,3633
6998,10,3658
6999,10,3646
7000,10,3618
7001,10,3706
7002,10,3613
7003,10,3601
7004,10,3635
7005,10,3594
7006,10,3600
7007,10,3552
7008,10,3619
7009,10,3566
7010,10,3636
7011,10,3579
7012,10,3671
7013,10,3588
7014,10,3596
7015,10,3580
7016,10,3564
7017,10,3636
7018,10,3680
7019,10,3701
7020,10,3693
7021,10,3630
7022,10,3647
7023,10,3632
7024,10,3636
7025,10,3616
7026,10,3624
7027,10,3686
7028,10,3675
7029,10,3680
7030,10,3787
7031,10,3630
7032,10,3661
7033,10,3771
7034,10,3718
7035,10,3717
7036,10,3669
7037,10,3685
7038,10,3655
7039,10,3561
7040,10,3545
7041,10,3715
7042,10,3682
7043,10,3620
7044,10,3685
7045,10,3587
7046,10,3640
7047,10,3654
7048,10,3656
7049,10,3556
7050,10,3647
7051,10,3724
7052,10,3620
7053,10,3623
7054,10,3737
7055,10,3658
7056,10,3647
7057,10,3744
7058,10,3639
7059,10,3648
7060,10,3697
7061,10,3790
7062,10,3639
7063,10,3670
7064,10,3722
7065,10,3741
7066,10,3670
7067,10,3668
7068,10,3676
7069,10,3711
7070,10,3752
7071,10,3642
7072,10,3673
7073,10,3692
7074,10,3735
7075,10,3683
7076,10,3667
7077,10,3769
7078,10,4820
7079,10,3515
7080,10,3527
7081,10,3522
7082,10,3433
7083,10,3483
7084,10,3470
7085,10,3493
7086,10,3564
7087,10,3488
7088,10,3489
7089,10,3469
7090,10,3525
7091,10,3479
7092,10,3600
7093,10,3468
7094,10,3396
7095,10,3474
7096,10,3478
7097,10,3523
7098,10,3483
7099,10,3508
7100,10,3499
7101,10,3587
7102,10,3532
7103,10,3489
7104,10,3523
7105,10,3569
7106,10,3489
7107,10,3482
7108,10,3441
7109,10,3594
7110,10,3459
7111,10,3524
7112,10,3506
7113,10,3454
7114,10,3517
7115,10,3557
7116,10,3520
7117,10,3465
7118,10,3489
7119,10,3594
7120,10,3523
7121,10,3544
7122,10,3482
7123,10,3507
7124,10,3499
7125,10,3488
7126,10,3540
7127,10,3453
7128,10,3417
7129,10,3378
7130,10,3488
7131,10,3562
7132,10,3540
7133,10,3484
7134,10,3528
7135,10,3550
7136,10,3467
7137,10,3442
7138,10,3473
7139,10,3473
7140,10,3524
7141,10,3478
7142,10,3497
7143,10,3487
7144,10,3565
7145,10,3471
7146,10,3472
7147,10,3526
7148,10,3464
7149,10,3437
7150,10,3461
7151,10,3522
7152,10,3381
7153,10,3491
7154,10,3477
7155,10,3487
7156,10,5788
7157,10,3633
7158,10,4040
7159,10,3466
7160,10,3488
7161,10,3531
7162,10,3464
7163,10,3522
7164,10,3488
7165,10,3518
7166,10,3449
7167,10,3515
7168,10,3553
7169,10,3547
7170,10,3497
7171,10,3535
7172,10,3508
7173,10,3512
7174,10,3457
7175,10,3559
7176,10,3413
7177,10,3507
7178,10,3459
7179,10,3464
7180,10,3413
7181,10,3436
7182,10,3379
7183,10,3520
7184,10,3509
7185,10,3476
7186,10,3532
7187,10,3509
7188,10,3418
7189,10,3449
7190,10,3468
7191,10,3467
7192,10,3493
7193,10,3536
7194,10,3484
7195,10,3506
7196,10,3466
7197,10,3525
7198,10,3495
7199,10,3497
7200,10,3574
7201,10,3450
7202,10,3432
7203,10,3366
7204,10,3454
7205,10,3439
7206,10,3395
7207,10,3594
7208,10,3464
7209,10,3478
7210,10,3504
7211,10,3570
7212,10,3475
7213,10,3470
7214,10,3471
7215,10,3628
7216,10,3471
7217,10,3472
7218,10,3614
7219,10,3528
7220,10,3472
7221,10,3547
7222,10,3506
7223,10,3425
7224,10,3505
7225,10,3434
7226,10,3443
7227,10,3484
7228,10,3483
7229,10,3401
7230,10,3461
7231,10,3437
7232,10,3509
7233,10,3460
7234,10,3463
7235,10,3442
7236,10,3442
7237,10,3490
7238,10,3486
7239,10,3604
7240,10,3453
7241,10,3477
7242,10,3521
7243,10,3460
7244,10,3461
7245,10,3535
7246,10,3486
7247,10,3509
7248,10,3516
7249,10,3510
7250,10,3492
7251,10,3465
7252,10,3518
7253,10,3451
7254,10,3580
7255,10,3481
7256,10,3597
7257,10,3541
7258,10,3467
7259,10,3463
7260,10,3420
7261,10,3363
7262,10,3520
7263,10,3412
7264,10,3490
7265,10,3404
7266,10,3372
7267,10,3392
7268,10,3361
7269,10,3397
7270,10,3369
7271,10,3428
7272,10,3478
7273,10,3446
7274,10,3452
7275,10,3373
7276,10,3367
7277,10,3387
7278,10,3362
7279,10,3383
7280,10,3393
7281,10,3379
7282,10,3407
7283,10,3449
7284,10,3393
7285,10,3424
7286,10,3361
7287,10,3389
7288,10,3371
7289,10,3419
7290,10,3392
7291,10,3385
7292,10,3442
7293,10,3399
7294,10,3379
7295,10,3425
7296,10,3408
7297,10,3379
7298,10,3359
7299,10,3375
7300,10,3437
7301,10,3389
7302,10,3405
7303,10,3381
7304,10,3381
7305,10,3428
7306,10,3389
7307,10,3413
7308,10,3363
7309,10,3446
7310,10,3541
7311,10,3472
7312,10,3550
7313,10,3479
7314,10,3453
7315,10,3449
7316,10,3570
7317,10,3538
7318,10,3458
7319,10,3619
7320,10,3480
7321,10,3390
7322,10,3448
7323,10,3514
7324,10,3496
7325,10,3556
7326,10,3418
7327,10,3433
7328,10,3562
7329,10,3498
7330,10,3481
7331,10,3496
7332,10,3528
7333,10,3458
7334,10,3473
7335,10,3428
7336,10,3483
7337,10,3611
7338,10,3496
7339,10,3458
7340,10,3497
7341,10,3567
7342,10,3502
7343,10,3475
7344,10,3401
7345,10,3496
7346,10,3625
7347,10,3500
7348,10,3465
7349,10,3484
7350,10,3471
7351,10,3569
7352,10,3453
7353,10,3502
7354,10,3627
7355,10,3462
7356,10,3458
7357,10,3420
7358,10,3443
7359,10,3438
7360,10,3462
7361,10,3393
7362,10,3379
7363,10,3370
7364,10,3489
7365,10,3643
7366,10,3883
7367,10,3342
7368,10,3336
7369,10,3364
7370,10,3403
7371,10,3329
7372,10,3292
7373,10,3321
7374,10,3285
7375,10,3430
7376,10,3372
7377,10,3377
7378,10,3339
7379,10,3379
7380,10,3386
7381,10,3399
7382,10,3429
7383,10,3473
7384,10,3465
7385,10,3388
7386,10,3446
7387,10,3418
7388,10,3381
7389,10,3411
7390,10,3331
7391,10,3429
7392,10,3395
7393,10,3490
7394,10,3368
7395,10,3413
7396,10,3433
7397,10,3396
7398,10,3441
7399,8,3663
